1,3,INAP_GIZI,1,0,25000,0,1
2,3,INAP_GIZI,2,0,25000,0,1
3,3,INAP_GIZI,3,0,25000,0,1
4,3,INAP_GIZI,6,0,25000,0,1
5,3,INAP_GIZI,4,0,25000,0,1
6,4,INAP_GIZI,1,0,25000,0,1
7,4,INAP_GIZI,2,0,25000,0,1
8,4,INAP_GIZI,3,0,25000,0,1
9,4,INAP_GIZI,4,0,25000,0,1
10,5,INAP_GIZI,1,0,25000,0,1
11,5,INAP_GIZI,2,0,25000,0,1
12,5,INAP_GIZI,3,0,25000,0,1
13,5,INAP_GIZI,4,0,25000,0,1
14,2,INAP_KEPERAWATAN,1,40000,25000,0,1
15,2,INAP_KEPERAWATAN,2,40000,25000,0,1
16,2,INAP_KEPERAWATAN,3,40000,25000,0,1
17,2,INAP_KEPERAWATAN,4,40000,25000,0,1
18,2,INAP_LABORATORIUM,1,2000,5000,3000,1
19,2,INAP_LABORATORIUM,2,2000,5000,3000,1
20,2,INAP_LABORATORIUM,3,2000,5000,3000,1
21,2,INAP_LABORATORIUM,4,2000,5000,3000,1
22,3,INAP_LABORATORIUM,4,2000,5000,3000,1
23,3,INAP_LABORATORIUM,1,2000,5000,3000,1
24,3,INAP_LABORATORIUM,3,2000,5000,3000,1
25,4,INAP_LABORATORIUM,4,2000,5000,3000,1
26,5,INAP_LABORATORIUM,4,2000,5000,3000,1
27,6,INAP_LABORATORIUM,4,2000,5000,3000,1
28,9,INAP_LABORATORIUM,4,2000,5000,3000,1
29,10,INAP_LABORATORIUM,4,2000,5000,3000,1
30,7,INAP_LABORATORIUM,4,2000,5000,3000,1
31,4,INAP_LABORATORIUM,1,2000,5000,3000,1
32,3,INAP_LABORATORIUM,2,2000,5000,3000,1
33,11,INAP_LABORATORIUM,4,5000,8000,5000,1
34,7,INAP_LABORATORIUM,1,2000,5000,3000,1
35,7,INAP_LABORATORIUM,2,2000,5000,3000,1
36,7,INAP_LABORATORIUM,3,2000,5000,3000,1
37,11,INAP_LABORATORIUM,1,5000,8000,5000,1
38,11,INAP_LABORATORIUM,2,5000,8000,5000,1
39,11,INAP_LABORATORIUM,3,5000,8000,5000,1
40,13,INAP_LABORATORIUM,1,10000,8000,10000,1
41,13,INAP_LABORATORIUM,2,10000,8000,10000,1
42,13,INAP_LABORATORIUM,3,10000,8000,10000,1
43,13,INAP_LABORATORIUM,4,10000,8000,10000,1
44,12,INAP_LABORATORIUM,1,10000,8000,10000,1
45,12,INAP_LABORATORIUM,2,10000,8000,10000,1
46,12,INAP_LABORATORIUM,3,10000,8000,10000,1
47,12,INAP_LABORATORIUM,4,10000,8000,10000,1
48,15,INAP_LABORATORIUM,1,10000,8000,10000,1
49,15,INAP_LABORATORIUM,2,10000,8000,10000,1
50,15,INAP_LABORATORIUM,3,10000,8000,10000,1
51,15,INAP_LABORATORIUM,4,10000,8000,10000,1
52,16,INAP_LABORATORIUM,1,10000,8000,10000,1
53,16,INAP_LABORATORIUM,2,10000,8000,10000,1
54,16,INAP_LABORATORIUM,3,10000,8000,10000,1
55,16,INAP_LABORATORIUM,4,10000,8000,10000,1
56,17,INAP_LABORATORIUM,1,10000,8000,10000,1
57,17,INAP_LABORATORIUM,2,10000,8000,10000,1
58,17,INAP_LABORATORIUM,3,10000,8000,10000,1
59,17,INAP_LABORATORIUM,4,10000,8000,10000,1
60,20,INAP_LABORATORIUM,1,10000,8000,10000,1
61,20,INAP_LABORATORIUM,2,10000,8000,10000,1
62,20,INAP_LABORATORIUM,3,10000,8000,10000,1
63,20,INAP_LABORATORIUM,4,10000,8000,10000,1
64,21,INAP_LABORATORIUM,1,10000,8000,10000,1
65,21,INAP_LABORATORIUM,2,10000,8000,10000,1
66,21,INAP_LABORATORIUM,3,10000,8000,10000,1
67,21,INAP_LABORATORIUM,4,10000,8000,10000,1
68,46,INAP_LABORATORIUM,1,10000,8000,10000,1
69,46,INAP_LABORATORIUM,2,10000,8000,10000,1
70,46,INAP_LABORATORIUM,3,10000,8000,10000,1
71,46,INAP_LABORATORIUM,4,10000,8000,10000,1
72,22,INAP_LABORATORIUM,1,10000,8000,10000,1
73,22,INAP_LABORATORIUM,2,10000,8000,10000,1
74,22,INAP_LABORATORIUM,3,10000,8000,10000,1
75,22,INAP_LABORATORIUM,4,10000,8000,10000,1
76,23,INAP_LABORATORIUM,1,10000,8000,10000,1
77,23,INAP_LABORATORIUM,2,10000,8000,10000,1
78,23,INAP_LABORATORIUM,3,10000,8000,10000,1
79,23,INAP_LABORATORIUM,4,10000,8000,10000,1
80,24,INAP_LABORATORIUM,1,10000,8000,10000,1
81,24,INAP_LABORATORIUM,2,10000,8000,10000,1
82,24,INAP_LABORATORIUM,3,10000,8000,10000,1
83,24,INAP_LABORATORIUM,4,10000,8000,10000,1
84,25,INAP_LABORATORIUM,1,10000,8000,10000,1
85,25,INAP_LABORATORIUM,2,10000,8000,10000,1
86,25,INAP_LABORATORIUM,3,10000,8000,10000,1
87,25,INAP_LABORATORIUM,4,10000,8000,10000,1
88,26,INAP_LABORATORIUM,1,10000,8000,10000,1
89,26,INAP_LABORATORIUM,2,10000,8000,10000,1
90,26,INAP_LABORATORIUM,3,10000,8000,10000,1
91,26,INAP_LABORATORIUM,6,10000,8000,10000,1
92,26,INAP_LABORATORIUM,4,10000,8000,10000,1
93,27,INAP_LABORATORIUM,1,10000,8000,10000,1
94,27,INAP_LABORATORIUM,2,10000,8000,10000,1
95,27,INAP_LABORATORIUM,3,10000,8000,10000,1
96,27,INAP_LABORATORIUM,4,10000,8000,10000,1
97,36,INAP_LABORATORIUM,1,10000,8000,10000,1
98,36,INAP_LABORATORIUM,2,10000,8000,10000,1
99,36,INAP_LABORATORIUM,3,10000,8000,10000,1
100,36,INAP_LABORATORIUM,4,10000,8000,10000,1
101,30,INAP_LABORATORIUM,1,10000,8000,10000,1
102,30,INAP_LABORATORIUM,2,10000,8000,10000,1
103,30,INAP_LABORATORIUM,3,10000,8000,10000,1
104,30,INAP_LABORATORIUM,4,10000,8000,10000,1
105,31,INAP_LABORATORIUM,1,10000,8000,10000,1
106,31,INAP_LABORATORIUM,2,10000,8000,10000,1
107,31,INAP_LABORATORIUM,3,10000,8000,10000,1
108,31,INAP_LABORATORIUM,4,10000,8000,10000,1
109,32,INAP_LABORATORIUM,1,10000,8000,10000,1
110,32,INAP_LABORATORIUM,2,10000,8000,10000,1
111,32,INAP_LABORATORIUM,3,10000,8000,10000,1
112,32,INAP_LABORATORIUM,4,10000,8000,10000,1
113,34,INAP_LABORATORIUM,1,10000,8000,10000,1
114,34,INAP_LABORATORIUM,2,10000,8000,10000,1
115,34,INAP_LABORATORIUM,3,10000,8000,10000,1
116,34,INAP_LABORATORIUM,4,10000,8000,10000,1
117,35,INAP_LABORATORIUM,1,10000,8000,10000,1
118,35,INAP_LABORATORIUM,2,10000,8000,10000,1
119,35,INAP_LABORATORIUM,3,10000,8000,10000,1
120,35,INAP_LABORATORIUM,4,10000,8000,10000,1
121,28,INAP_LABORATORIUM,1,10000,8000,10000,1
122,28,INAP_LABORATORIUM,2,10000,8000,10000,1
123,28,INAP_LABORATORIUM,3,10000,8000,10000,1
124,28,INAP_LABORATORIUM,4,10000,8000,10000,1
125,6,INAP_LABORATORIUM,1,2000,5000,3000,1
126,6,INAP_LABORATORIUM,2,2000,5000,3000,1
127,6,INAP_LABORATORIUM,3,2000,5000,3000,1
128,4,INAP_LABORATORIUM,2,2000,5000,3000,1
129,4,INAP_LABORATORIUM,3,2000,5000,3000,1
130,5,INAP_LABORATORIUM,1,2000,5000,3000,1
131,5,INAP_LABORATORIUM,2,2000,5000,3000,1
132,5,INAP_LABORATORIUM,3,2000,5000,3000,1
133,8,INAP_LABORATORIUM,1,2000,5000,3000,1
134,8,INAP_LABORATORIUM,2,2000,5000,3000,1
135,8,INAP_LABORATORIUM,3,2000,5000,3000,1
136,8,INAP_LABORATORIUM,4,2000,5000,3000,1
137,9,INAP_LABORATORIUM,1,2000,5000,3000,1
138,9,INAP_LABORATORIUM,2,2000,5000,3000,1
139,9,INAP_LABORATORIUM,3,2000,5000,3000,1
140,29,INAP_LABORATORIUM,1,10000,8000,10000,1
141,29,INAP_LABORATORIUM,2,10000,8000,10000,1
142,29,INAP_LABORATORIUM,3,10000,8000,10000,1
143,29,INAP_LABORATORIUM,4,10000,8000,10000,1
144,39,INAP_LABORATORIUM,1,10000,8000,10000,1
145,39,INAP_LABORATORIUM,2,10000,8000,10000,1
146,39,INAP_LABORATORIUM,3,10000,8000,10000,1
147,39,INAP_LABORATORIUM,4,10000,8000,10000,1
148,40,INAP_LABORATORIUM,1,10000,8000,10000,1
149,40,INAP_LABORATORIUM,2,10000,8000,10000,1
150,40,INAP_LABORATORIUM,3,10000,8000,10000,1
151,40,INAP_LABORATORIUM,4,10000,8000,10000,1
152,40,INAP_LABORATORIUM,6,0,0,0,1
153,41,INAP_LABORATORIUM,1,10000,8000,10000,1
154,41,INAP_LABORATORIUM,2,10000,8000,10000,1
155,41,INAP_LABORATORIUM,3,10000,8000,10000,1
156,41,INAP_LABORATORIUM,4,10000,8000,10000,1
157,43,INAP_LABORATORIUM,1,10000,8000,10000,1
158,43,INAP_LABORATORIUM,2,10000,8000,10000,1
159,43,INAP_LABORATORIUM,3,10000,8000,10000,1
160,43,INAP_LABORATORIUM,4,10000,8000,10000,1
161,44,INAP_LABORATORIUM,1,10000,8000,10000,1
162,44,INAP_LABORATORIUM,2,10000,8000,10000,1
163,44,INAP_LABORATORIUM,3,10000,8000,10000,1
164,44,INAP_LABORATORIUM,4,10000,8000,10000,1
165,45,INAP_LABORATORIUM,1,10000,8000,10000,1
166,45,INAP_LABORATORIUM,2,10000,8000,10000,1
167,45,INAP_LABORATORIUM,3,10000,8000,10000,1
168,45,INAP_LABORATORIUM,4,10000,8000,10000,1
169,47,INAP_LABORATORIUM,1,10000,8000,10000,1
170,47,INAP_LABORATORIUM,2,10000,8000,10000,1
171,47,INAP_LABORATORIUM,3,10000,8000,10000,1
172,47,INAP_LABORATORIUM,4,10000,8000,10000,1
173,48,INAP_LABORATORIUM,1,10000,8000,10000,1
174,48,INAP_LABORATORIUM,2,10000,8000,10000,1
175,48,INAP_LABORATORIUM,3,10000,8000,10000,1
176,48,INAP_LABORATORIUM,4,10000,8000,10000,1
177,49,INAP_LABORATORIUM,1,10000,8000,10000,1
178,49,INAP_LABORATORIUM,2,10000,8000,10000,1
179,49,INAP_LABORATORIUM,3,10000,8000,10000,1
180,49,INAP_LABORATORIUM,4,10000,8000,10000,1
181,50,INAP_LABORATORIUM,1,10000,8000,10000,1
182,50,INAP_LABORATORIUM,2,10000,8000,10000,1
183,50,INAP_LABORATORIUM,3,10000,8000,10000,1
184,50,INAP_LABORATORIUM,4,10000,8000,10000,1
185,51,INAP_LABORATORIUM,1,10000,8000,10000,1
186,51,INAP_LABORATORIUM,2,10000,8000,10000,1
187,51,INAP_LABORATORIUM,3,10000,8000,10000,1
188,51,INAP_LABORATORIUM,4,10000,8000,10000,1
189,52,INAP_LABORATORIUM,1,10000,8000,10000,1
190,52,INAP_LABORATORIUM,2,10000,8000,10000,1
191,52,INAP_LABORATORIUM,3,10000,8000,10000,1
192,52,INAP_LABORATORIUM,4,10000,8000,10000,1
193,55,INAP_LABORATORIUM,1,5000,8000,5000,1
194,55,INAP_LABORATORIUM,2,5000,8000,5000,1
195,55,INAP_LABORATORIUM,3,5000,8000,5000,1
196,55,INAP_LABORATORIUM,4,5000,8000,5000,1
197,56,INAP_LABORATORIUM,1,5000,8000,5000,1
198,56,INAP_LABORATORIUM,2,5000,8000,5000,1
199,56,INAP_LABORATORIUM,3,5000,8000,5000,1
200,56,INAP_LABORATORIUM,4,5000,8000,5000,1
201,54,INAP_LABORATORIUM,1,10000,8000,10000,1
202,54,INAP_LABORATORIUM,2,10000,8000,10000,1
203,54,INAP_LABORATORIUM,3,10000,8000,10000,1
204,54,INAP_LABORATORIUM,4,10000,5000,10000,1
205,57,INAP_LABORATORIUM,1,10000,8000,10000,1
206,57,INAP_LABORATORIUM,2,10000,8000,10000,1
207,57,INAP_LABORATORIUM,3,10000,8000,10000,1
208,57,INAP_LABORATORIUM,4,10000,8000,10000,1
209,58,INAP_LABORATORIUM,1,10000,8000,10000,1
210,58,INAP_LABORATORIUM,2,10000,8000,10000,1
211,59,INAP_LABORATORIUM,1,10000,8000,10000,1
212,59,INAP_LABORATORIUM,2,10000,8000,10000,1
213,59,INAP_LABORATORIUM,3,10000,8000,10000,1
214,59,INAP_LABORATORIUM,4,10000,8000,10000,1
215,60,INAP_LABORATORIUM,1,10000,8000,10000,1
216,60,INAP_LABORATORIUM,2,10000,8000,10000,1
217,60,INAP_LABORATORIUM,3,10000,8000,10000,1
218,60,INAP_LABORATORIUM,4,10000,8000,10000,1
219,61,INAP_LABORATORIUM,1,10000,8000,10000,1
220,61,INAP_LABORATORIUM,2,10000,8000,10000,1
221,61,INAP_LABORATORIUM,3,10000,8000,10000,1
222,61,INAP_LABORATORIUM,4,10000,8000,10000,1
223,62,INAP_LABORATORIUM,1,10000,8000,10000,1
224,62,INAP_LABORATORIUM,2,10000,8000,10000,1
225,62,INAP_LABORATORIUM,3,10000,8000,10000,1
226,62,INAP_LABORATORIUM,4,10000,8000,10000,1
227,63,INAP_LABORATORIUM,1,10000,8000,10000,1
228,63,INAP_LABORATORIUM,2,10000,8000,10000,1
229,63,INAP_LABORATORIUM,3,10000,8000,10000,1
230,63,INAP_LABORATORIUM,4,10000,8000,10000,1
231,64,INAP_LABORATORIUM,1,10000,8000,10000,1
232,64,INAP_LABORATORIUM,2,10000,8000,10000,1
233,64,INAP_LABORATORIUM,3,10000,8000,10000,1
234,64,INAP_LABORATORIUM,4,10000,8000,10000,1
235,65,INAP_LABORATORIUM,1,10000,8000,10000,1
236,65,INAP_LABORATORIUM,2,10000,8000,10000,1
237,65,INAP_LABORATORIUM,3,10000,8000,10000,1
238,65,INAP_LABORATORIUM,4,10000,8000,10000,1
239,66,INAP_LABORATORIUM,1,10000,8000,10000,1
240,66,INAP_LABORATORIUM,2,10000,8000,10000,1
241,66,INAP_LABORATORIUM,3,10000,8000,10000,1
242,66,INAP_LABORATORIUM,4,10000,8000,10000,1
243,67,INAP_LABORATORIUM,1,10000,8000,10000,1
244,67,INAP_LABORATORIUM,2,10000,8000,10000,1
245,67,INAP_LABORATORIUM,4,10000,8000,10000,1
246,67,INAP_LABORATORIUM,6,0,0,0,1
247,67,INAP_LABORATORIUM,3,10000,8000,10000,1
248,69,INAP_LABORATORIUM,1,10000,8000,10000,1
249,69,INAP_LABORATORIUM,2,10000,8000,10000,1
250,69,INAP_LABORATORIUM,3,10000,8000,10000,1
251,69,INAP_LABORATORIUM,4,10000,8000,10000,1
252,68,INAP_LABORATORIUM,1,10000,8000,10000,1
253,68,INAP_LABORATORIUM,2,10000,8000,10000,1
254,68,INAP_LABORATORIUM,3,10000,8000,10000,1
255,68,INAP_LABORATORIUM,4,10000,8000,10000,1
256,70,INAP_LABORATORIUM,1,10000,8000,10000,1
257,70,INAP_LABORATORIUM,2,10000,8000,10000,1
258,70,INAP_LABORATORIUM,3,10000,8000,10000,1
259,70,INAP_LABORATORIUM,4,10000,8000,10000,1
260,71,INAP_LABORATORIUM,1,10000,8000,10000,1
261,71,INAP_LABORATORIUM,2,10000,8000,10000,1
262,71,INAP_LABORATORIUM,3,10000,8000,10000,1
263,71,INAP_LABORATORIUM,4,10000,8000,10000,1
264,72,INAP_LABORATORIUM,1,10000,8000,10000,1
265,72,INAP_LABORATORIUM,2,10000,8000,10000,1
266,72,INAP_LABORATORIUM,3,10000,8000,10000,1
267,72,INAP_LABORATORIUM,4,10000,8000,10000,1
268,73,INAP_LABORATORIUM,1,10000,8000,10000,1
269,73,INAP_LABORATORIUM,2,10000,8000,10000,1
270,73,INAP_LABORATORIUM,3,10000,8000,10000,1
271,73,INAP_LABORATORIUM,4,10000,8000,10000,1
272,74,INAP_LABORATORIUM,1,10000,8000,10000,1
273,74,INAP_LABORATORIUM,2,10000,8000,10000,1
274,74,INAP_LABORATORIUM,3,10000,8000,10000,1
275,74,INAP_LABORATORIUM,4,10000,8000,10000,1
276,75,INAP_LABORATORIUM,1,10000,8000,10000,1
277,75,INAP_LABORATORIUM,2,10000,8000,10000,1
278,75,INAP_LABORATORIUM,3,10000,8000,10000,1
279,75,INAP_LABORATORIUM,4,10000,8000,10000,1
280,76,INAP_LABORATORIUM,1,10000,8000,10000,1
281,76,INAP_LABORATORIUM,2,10000,8000,10000,1
282,76,INAP_LABORATORIUM,3,10000,8000,10000,1
283,76,INAP_LABORATORIUM,4,10000,8000,10000,1
284,19,INAP_LABORATORIUM,1,5000,8000,5000,1
285,19,INAP_LABORATORIUM,2,5000,8000,5000,1
286,19,INAP_LABORATORIUM,3,5000,8000,5000,1
287,19,INAP_LABORATORIUM,4,5000,8000,5000,1
288,78,INAP_LABORATORIUM,1,10000,8000,10000,1
289,78,INAP_LABORATORIUM,2,10000,8000,10000,1
290,78,INAP_LABORATORIUM,3,10000,8000,10000,1
291,78,INAP_LABORATORIUM,4,10000,8000,10000,1
292,77,INAP_LABORATORIUM,1,10000,8000,10000,1
293,77,INAP_LABORATORIUM,2,10000,8000,10000,1
294,77,INAP_LABORATORIUM,3,10000,8000,10000,1
295,77,INAP_LABORATORIUM,4,10000,8000,10000,1
296,80,INAP_LABORATORIUM,1,10000,8000,10000,1
297,80,INAP_LABORATORIUM,2,10000,8000,10000,1
298,80,INAP_LABORATORIUM,3,10000,8000,10000,1
299,80,INAP_LABORATORIUM,4,10000,8000,10000,1
300,81,INAP_LABORATORIUM,1,10000,8000,10000,1
301,81,INAP_LABORATORIUM,2,10000,8000,10000,1
302,81,INAP_LABORATORIUM,3,10000,8000,10000,1
303,81,INAP_LABORATORIUM,4,10000,8000,10000,1
304,37,INAP_LABORATORIUM,1,10000,8000,10000,1
305,37,INAP_LABORATORIUM,2,10000,8000,10000,1
306,37,INAP_LABORATORIUM,3,10000,8000,10000,1
307,37,INAP_LABORATORIUM,4,10000,8000,10000,1
308,83,INAP_LABORATORIUM,1,10000,8000,10000,1
309,83,INAP_LABORATORIUM,2,10000,8000,10000,1
310,83,INAP_LABORATORIUM,3,10000,8000,10000,1
311,83,INAP_LABORATORIUM,4,10000,8000,10000,1
312,84,INAP_LABORATORIUM,1,10000,8000,10000,1
313,84,INAP_LABORATORIUM,2,10000,8000,10000,1
314,84,INAP_LABORATORIUM,3,10000,8000,10000,1
315,84,INAP_LABORATORIUM,4,10000,8000,10000,1
316,85,INAP_LABORATORIUM,1,10000,8000,10000,1
317,85,INAP_LABORATORIUM,2,10000,8000,10000,1
318,85,INAP_LABORATORIUM,3,10000,8000,10000,1
319,85,INAP_LABORATORIUM,4,10000,8000,10000,1
320,86,INAP_LABORATORIUM,1,10000,8000,10000,1
321,86,INAP_LABORATORIUM,2,10000,8000,10000,1
322,86,INAP_LABORATORIUM,3,10000,8000,10000,1
323,86,INAP_LABORATORIUM,4,10000,8000,10000,1
324,33,INAP_LABORATORIUM,1,10000,8000,10000,1
325,33,INAP_LABORATORIUM,2,10000,8000,10000,1
326,33,INAP_LABORATORIUM,3,10000,8000,10000,1
327,33,INAP_LABORATORIUM,4,10000,8000,10000,1
328,42,INAP_LABORATORIUM,1,10000,8000,10000,1
329,42,INAP_LABORATORIUM,2,10000,8000,10000,1
330,42,INAP_LABORATORIUM,3,10000,8000,10000,1
331,42,INAP_LABORATORIUM,4,10000,8000,10000,1
332,38,INAP_LABORATORIUM,1,10000,8000,10000,1
333,38,INAP_LABORATORIUM,2,10000,8000,10000,1
334,38,INAP_LABORATORIUM,3,10000,8000,10000,1
335,38,INAP_LABORATORIUM,4,10000,8000,10000,1
336,82,INAP_LABORATORIUM,1,10000,8000,10000,1
337,82,INAP_LABORATORIUM,2,10000,8000,10000,1
338,82,INAP_LABORATORIUM,3,10000,8000,10000,1
339,82,INAP_LABORATORIUM,4,10000,8000,10000,1
340,58,INAP_LABORATORIUM,3,10000,8000,10000,1
341,58,INAP_LABORATORIUM,4,10000,8000,10000,1
342,1,INAP_OKSIGEN,2,0,0,1000,1
343,2,INAP_OKSIGEN,2,0,0,1500,1
344,2,INAP_OPERASI,1,600000,2000000,0,1
345,2,INAP_OPERASI,4,600000,2000000,0,1
346,2,INAP_OPERASI,2,600000,2000000,0,1
347,2,INAP_OPERASI,3,500000,1750000,0,1
348,3,INAP_OPERASI,1,600000,2000000,0,1
349,3,INAP_OPERASI,2,600000,2000000,0,1
350,3,INAP_OPERASI,3,500000,1750000,0,1
351,3,INAP_OPERASI,4,600000,2000000,0,1
352,4,INAP_OPERASI,1,1000000,3000000,0,1
353,4,INAP_OPERASI,2,800000,2750000,0,1
354,4,INAP_OPERASI,3,750000,2500000,0,1
355,4,INAP_OPERASI,4,1000000,3000000,0,1
356,5,INAP_OPERASI,1,1000000,3000000,0,1
357,5,INAP_OPERASI,2,800000,2750000,0,1
358,5,INAP_OPERASI,3,750000,2500000,0,1
359,5,INAP_OPERASI,4,1000000,3000000,0,1
360,6,INAP_OPERASI,1,1000000,3000000,0,1
361,6,INAP_OPERASI,2,800000,2750000,0,1
362,6,INAP_OPERASI,3,750000,2500000,0,1
363,6,INAP_OPERASI,4,1000000,3000000,0,1
364,7,INAP_OPERASI,1,1000000,3000000,0,1
365,7,INAP_OPERASI,2,800000,2750000,0,1
366,7,INAP_OPERASI,3,750000,2500000,0,1
367,7,INAP_OPERASI,4,1000000,3000000,0,1
368,9,INAP_OPERASI,1,500000,1500000,0,1
369,9,INAP_OPERASI,2,400000,1150000,0,1
370,9,INAP_OPERASI,3,300000,1000000,0,1
371,9,INAP_OPERASI,4,500000,1500000,0,1
372,10,INAP_OPERASI,1,500000,1500000,0,1
373,10,INAP_OPERASI,2,400000,1150000,0,1
374,10,INAP_OPERASI,3,300000,1000000,0,1
375,10,INAP_OPERASI,4,500000,1500000,0,1
376,11,INAP_OPERASI,1,500000,1500000,0,1
377,11,INAP_OPERASI,2,400000,1150000,0,1
378,11,INAP_OPERASI,3,300000,1000000,0,1
379,11,INAP_OPERASI,4,500000,1500000,0,1
380,12,INAP_OPERASI,1,500000,1500000,0,1
381,12,INAP_OPERASI,2,400000,1150000,0,1
382,12,INAP_OPERASI,3,300000,1000000,0,1
383,12,INAP_OPERASI,4,500000,1500000,0,1
384,13,INAP_OPERASI,1,500000,1500000,0,1
385,13,INAP_OPERASI,2,400000,1150000,0,1
386,13,INAP_OPERASI,3,300000,1000000,0,1
387,13,INAP_OPERASI,4,500000,1500000,0,1
388,14,INAP_OPERASI,1,500000,1500000,0,1
389,14,INAP_OPERASI,2,400000,1150000,0,1
390,14,INAP_OPERASI,3,300000,1000000,0,1
391,14,INAP_OPERASI,4,500000,1500000,0,1
392,15,INAP_OPERASI,1,600000,2000000,0,1
393,15,INAP_OPERASI,2,600000,2000000,0,1
394,15,INAP_OPERASI,3,500000,1750000,0,1
395,15,INAP_OPERASI,4,600000,2000000,0,1
396,16,INAP_OPERASI,1,600000,2000000,0,1
397,16,INAP_OPERASI,2,600000,2000000,0,1
398,16,INAP_OPERASI,3,500000,1750000,0,1
399,16,INAP_OPERASI,4,600000,2000000,0,1
400,17,INAP_OPERASI,1,600000,2000000,0,1
401,17,INAP_OPERASI,2,600000,2000000,0,1
402,17,INAP_OPERASI,3,500000,1750000,0,1
403,17,INAP_OPERASI,4,600000,2000000,0,1
404,18,INAP_OPERASI,1,600000,2000000,0,1
405,18,INAP_OPERASI,2,600000,2000000,0,1
406,18,INAP_OPERASI,3,500000,1750000,0,1
407,18,INAP_OPERASI,4,600000,2000000,0,1
408,19,INAP_OPERASI,1,600000,2000000,0,1
409,19,INAP_OPERASI,2,600000,2000000,0,1
410,19,INAP_OPERASI,3,500000,1750000,0,1
411,19,INAP_OPERASI,4,600000,2000000,0,1
412,20,INAP_OPERASI,1,600000,2000000,0,1
413,20,INAP_OPERASI,2,600000,2000000,0,1
414,20,INAP_OPERASI,3,500000,1750000,0,1
415,20,INAP_OPERASI,4,600000,2000000,0,1
416,21,INAP_OPERASI,1,600000,2000000,0,1
417,21,INAP_OPERASI,2,600000,2000000,0,1
418,21,INAP_OPERASI,3,500000,1750000,0,1
419,21,INAP_OPERASI,4,600000,2000000,0,1
420,22,INAP_OPERASI,1,600000,2000000,0,1
421,22,INAP_OPERASI,2,600000,2000000,0,1
422,22,INAP_OPERASI,3,500000,1750000,0,1
423,22,INAP_OPERASI,4,600000,2000000,0,1
424,23,INAP_OPERASI,1,600000,2000000,0,1
425,23,INAP_OPERASI,2,600000,2000000,0,1
426,23,INAP_OPERASI,3,500000,1750000,0,1
427,23,INAP_OPERASI,4,600000,2000000,0,1
428,24,INAP_OPERASI,1,600000,2000000,0,1
429,24,INAP_OPERASI,2,600000,2000000,0,1
430,24,INAP_OPERASI,3,500000,1750000,0,1
431,24,INAP_OPERASI,4,600000,2000000,0,1
432,25,INAP_OPERASI,1,600000,2000000,0,1
433,25,INAP_OPERASI,2,600000,2000000,0,1
434,25,INAP_OPERASI,3,500000,1750000,0,1
435,25,INAP_OPERASI,4,600000,2000000,0,1
436,26,INAP_OPERASI,1,1000000,3000000,0,1
437,26,INAP_OPERASI,2,800000,2750000,0,1
438,26,INAP_OPERASI,3,750000,2500000,0,1
439,26,INAP_OPERASI,4,1000000,3000000,0,1
440,27,INAP_OPERASI,1,1000000,3000000,0,1
441,27,INAP_OPERASI,2,800000,2750000,0,1
442,27,INAP_OPERASI,3,750000,2500000,0,1
443,27,INAP_OPERASI,4,1000000,3000000,0,1
444,28,INAP_OPERASI,1,1000000,3000000,0,1
445,28,INAP_OPERASI,2,800000,2750000,0,1
446,28,INAP_OPERASI,3,750000,2500000,0,1
447,28,INAP_OPERASI,4,1000000,3000000,0,1
448,29,INAP_OPERASI,1,1000000,3000000,0,1
449,29,INAP_OPERASI,2,800000,2750000,0,1
450,29,INAP_OPERASI,4,1000000,3000000,0,1
451,29,INAP_OPERASI,3,750000,2500000,0,1
452,30,INAP_OPERASI,1,1000000,3000000,0,1
453,30,INAP_OPERASI,2,800000,2750000,0,1
454,30,INAP_OPERASI,3,750000,2500000,0,1
455,30,INAP_OPERASI,4,1000000,3000000,0,1
456,31,INAP_OPERASI,1,1000000,3000000,0,1
457,31,INAP_OPERASI,2,800000,2750000,0,1
458,31,INAP_OPERASI,3,750000,2500000,0,1
459,31,INAP_OPERASI,4,1000000,3000000,0,1
460,32,INAP_OPERASI,1,1000000,3000000,0,1
461,32,INAP_OPERASI,2,800000,2750000,0,1
462,32,INAP_OPERASI,3,750000,2500000,0,1
463,32,INAP_OPERASI,4,1000000,3000000,0,1
464,33,INAP_OPERASI,1,1000000,3000000,0,1
465,33,INAP_OPERASI,2,800000,2750000,0,1
466,33,INAP_OPERASI,3,750000,2500000,0,1
467,33,INAP_OPERASI,4,1000000,3000000,0,1
468,34,INAP_OPERASI,1,1000000,3000000,0,1
469,34,INAP_OPERASI,2,800000,2750000,0,1
470,34,INAP_OPERASI,3,750000,2500000,0,1
471,34,INAP_OPERASI,4,1000000,3000000,0,1
472,35,INAP_OPERASI,1,1000000,3000000,0,1
473,35,INAP_OPERASI,2,800000,2750000,0,1
474,35,INAP_OPERASI,3,750000,2500000,0,1
475,35,INAP_OPERASI,4,1000000,3000000,0,1
476,36,INAP_OPERASI,1,1000000,3000000,0,1
477,36,INAP_OPERASI,2,800000,2750000,0,1
478,36,INAP_OPERASI,3,750000,2500000,0,1
479,36,INAP_OPERASI,4,1000000,3000000,0,1
480,37,INAP_OPERASI,1,1000000,3000000,0,1
481,37,INAP_OPERASI,2,800000,2750000,0,1
482,37,INAP_OPERASI,3,750000,2500000,0,1
483,37,INAP_OPERASI,4,1000000,3000000,0,1
484,38,INAP_OPERASI,1,1000000,3000000,0,1
485,38,INAP_OPERASI,2,800000,2750000,0,1
486,38,INAP_OPERASI,3,750000,2500000,0,1
487,38,INAP_OPERASI,4,1000000,3000000,0,1
488,39,INAP_OPERASI,1,1000000,3000000,0,1
489,39,INAP_OPERASI,2,800000,2750000,0,1
490,39,INAP_OPERASI,3,750000,2500000,0,1
491,39,INAP_OPERASI,4,1000000,3000000,0,1
492,40,INAP_OPERASI,1,1000000,3000000,0,1
493,40,INAP_OPERASI,2,800000,2750000,0,1
494,40,INAP_OPERASI,3,750000,2500000,0,1
495,40,INAP_OPERASI,4,1000000,3000000,0,1
496,41,INAP_OPERASI,1,1000000,3000000,0,1
497,41,INAP_OPERASI,2,800000,2750000,0,1
498,41,INAP_OPERASI,3,750000,2500000,0,1
499,41,INAP_OPERASI,4,1000000,3000000,0,1
500,42,INAP_OPERASI,1,1000000,3000000,0,1
501,42,INAP_OPERASI,2,800000,2750000,0,1
502,42,INAP_OPERASI,3,750000,2500000,0,1
503,42,INAP_OPERASI,4,1000000,3000000,0,1
504,43,INAP_OPERASI,1,1000000,3000000,0,1
505,43,INAP_OPERASI,2,800000,2750000,0,1
506,43,INAP_OPERASI,3,750000,2500000,0,1
507,43,INAP_OPERASI,4,1000000,3000000,0,1
508,44,INAP_OPERASI,1,1000000,3000000,0,1
509,44,INAP_OPERASI,2,800000,2750000,0,1
510,44,INAP_OPERASI,3,750000,2500000,0,1
511,44,INAP_OPERASI,4,1000000,3000000,0,1
512,45,INAP_OPERASI,1,1000000,3000000,0,1
513,45,INAP_OPERASI,2,800000,2750000,0,1
514,45,INAP_OPERASI,3,750000,2500000,0,1
515,45,INAP_OPERASI,4,1000000,3000000,0,1
516,46,INAP_OPERASI,1,1000000,3000000,0,1
517,46,INAP_OPERASI,2,800000,2750000,0,1
518,46,INAP_OPERASI,3,750000,2500000,0,1
519,46,INAP_OPERASI,4,1000000,3000000,0,1
520,47,INAP_OPERASI,1,1000000,3000000,0,1
521,47,INAP_OPERASI,2,800000,2750000,0,1
522,47,INAP_OPERASI,3,750000,2500000,0,1
523,47,INAP_OPERASI,4,1000000,3000000,0,1
524,48,INAP_OPERASI,1,1000000,3000000,0,1
525,48,INAP_OPERASI,2,800000,2750000,0,1
526,48,INAP_OPERASI,3,750000,2500000,0,1
527,48,INAP_OPERASI,4,1000000,3000000,0,1
528,49,INAP_OPERASI,1,1000000,3000000,0,1
529,49,INAP_OPERASI,2,800000,2750000,0,1
530,49,INAP_OPERASI,3,750000,2500000,0,1
531,49,INAP_OPERASI,4,1000000,3000000,0,1
532,50,INAP_OPERASI,1,1000000,3000000,0,1
533,50,INAP_OPERASI,2,800000,2750000,0,1
534,50,INAP_OPERASI,3,750000,2500000,0,1
535,50,INAP_OPERASI,4,1000000,3000000,0,1
536,77,INAP_OPERASI,1,500000,1500000,0,1
537,77,INAP_OPERASI,2,400000,1150000,0,1
538,77,INAP_OPERASI,3,300000,1000000,0,1
539,77,INAP_OPERASI,4,500000,1500000,0,1
540,78,INAP_OPERASI,1,500000,1500000,0,1
541,78,INAP_OPERASI,2,400000,1150000,0,1
542,78,INAP_OPERASI,3,300000,1000000,0,1
543,78,INAP_OPERASI,4,500000,1500000,0,1
544,79,INAP_OPERASI,1,500000,1500000,0,1
545,79,INAP_OPERASI,2,400000,1150000,0,1
546,79,INAP_OPERASI,3,300000,1000000,0,1
547,79,INAP_OPERASI,4,500000,1500000,0,1
548,80,INAP_OPERASI,1,600000,2000000,0,1
549,80,INAP_OPERASI,2,600000,2000000,0,1
550,80,INAP_OPERASI,3,500000,1750000,0,1
551,80,INAP_OPERASI,4,600000,2000000,0,1
552,81,INAP_OPERASI,1,600000,2000000,0,1
553,81,INAP_OPERASI,2,600000,2000000,0,1
554,81,INAP_OPERASI,3,500000,1750000,0,1
555,81,INAP_OPERASI,4,600000,2000000,0,1
556,82,INAP_OPERASI,1,600000,2000000,0,1
557,82,INAP_OPERASI,2,600000,2000000,0,1
558,82,INAP_OPERASI,3,500000,1750000,0,1
559,82,INAP_OPERASI,4,600000,2000000,0,1
560,83,INAP_OPERASI,1,600000,2000000,0,1
561,83,INAP_OPERASI,2,600000,2000000,0,1
562,83,INAP_OPERASI,3,500000,1750000,0,1
563,83,INAP_OPERASI,4,600000,2000000,0,1
564,84,INAP_OPERASI,1,600000,2000000,0,1
565,84,INAP_OPERASI,2,600000,2000000,0,1
566,84,INAP_OPERASI,3,500000,1750000,0,1
567,84,INAP_OPERASI,4,600000,2000000,0,1
568,85,INAP_OPERASI,1,600000,2000000,0,1
569,85,INAP_OPERASI,2,600000,2000000,0,1
570,85,INAP_OPERASI,3,500000,1750000,0,1
571,85,INAP_OPERASI,4,600000,2000000,0,1
572,86,INAP_OPERASI,1,600000,2000000,0,1
573,86,INAP_OPERASI,2,600000,2000000,0,1
574,86,INAP_OPERASI,3,500000,1750000,0,1
575,86,INAP_OPERASI,4,600000,2000000,0,1
576,87,INAP_OPERASI,1,600000,2000000,0,1
577,87,INAP_OPERASI,2,600000,2000000,0,1
578,87,INAP_OPERASI,3,500000,1750000,0,1
579,87,INAP_OPERASI,4,600000,2000000,0,1
580,88,INAP_OPERASI,1,600000,2000000,0,1
581,88,INAP_OPERASI,2,600000,2000000,0,1
582,88,INAP_OPERASI,3,500000,1750000,0,1
583,88,INAP_OPERASI,4,600000,2000000,0,1
584,89,INAP_OPERASI,1,600000,2000000,0,1
585,89,INAP_OPERASI,2,600000,2000000,0,1
586,89,INAP_OPERASI,3,500000,1750000,0,1
587,89,INAP_OPERASI,4,600000,2000000,0,1
588,90,INAP_OPERASI,1,600000,2000000,0,1
589,90,INAP_OPERASI,2,600000,2000000,0,1
590,90,INAP_OPERASI,3,500000,1750000,0,1
591,90,INAP_OPERASI,4,600000,2000000,0,1
592,91,INAP_OPERASI,1,600000,2000000,0,1
593,91,INAP_OPERASI,2,600000,2000000,0,1
594,91,INAP_OPERASI,3,500000,1750000,0,1
595,91,INAP_OPERASI,4,600000,2000000,0,1
596,92,INAP_OPERASI,1,1000000,3000000,0,1
597,92,INAP_OPERASI,2,800000,2750000,0,1
598,92,INAP_OPERASI,3,750000,2500000,0,1
599,92,INAP_OPERASI,4,1000000,3000000,0,1
600,93,INAP_OPERASI,1,1000000,3000000,0,1
601,93,INAP_OPERASI,2,800000,2750000,0,1
602,93,INAP_OPERASI,3,750000,2500000,0,1
603,93,INAP_OPERASI,4,1000000,3000000,0,1
604,94,INAP_OPERASI,1,1000000,3000000,0,1
605,94,INAP_OPERASI,2,800000,2750000,0,1
606,94,INAP_OPERASI,3,750000,2500000,0,1
607,94,INAP_OPERASI,4,1000000,3000000,0,1
608,95,INAP_OPERASI,1,1000000,3000000,0,1
609,95,INAP_OPERASI,2,800000,2750000,0,1
610,95,INAP_OPERASI,3,750000,2500000,0,1
611,95,INAP_OPERASI,4,1000000,3000000,0,1
612,96,INAP_OPERASI,1,1000000,3000000,0,1
613,96,INAP_OPERASI,2,800000,2750000,0,1
614,96,INAP_OPERASI,3,750000,2500000,0,1
615,96,INAP_OPERASI,4,1000000,3000000,0,1
616,98,INAP_OPERASI,1,500000,1500000,0,1
617,98,INAP_OPERASI,2,400000,1150000,0,1
618,98,INAP_OPERASI,3,300000,1000000,0,1
619,98,INAP_OPERASI,4,500000,1500000,0,1
620,99,INAP_OPERASI,1,500000,1500000,0,1
621,99,INAP_OPERASI,2,400000,1150000,0,1
622,99,INAP_OPERASI,3,300000,1000000,0,1
623,99,INAP_OPERASI,4,500000,1000000,0,1
624,100,INAP_OPERASI,1,600000,2000000,0,1
625,100,INAP_OPERASI,2,600000,2000000,0,1
626,100,INAP_OPERASI,3,500000,1750000,0,1
627,100,INAP_OPERASI,4,600000,2000000,0,1
628,101,INAP_OPERASI,1,600000,2000000,0,1
629,101,INAP_OPERASI,2,600000,2000000,0,1
630,101,INAP_OPERASI,3,500000,1750000,0,1
631,101,INAP_OPERASI,4,600000,2000000,0,1
632,102,INAP_OPERASI,1,1000000,3000000,0,1
633,102,INAP_OPERASI,2,800000,2750000,0,1
634,102,INAP_OPERASI,3,750000,2500000,0,1
635,102,INAP_OPERASI,4,1000000,3000000,0,1
636,104,INAP_OPERASI,1,300000,750000,0,1
637,104,INAP_OPERASI,2,200000,650000,0,1
638,104,INAP_OPERASI,3,175000,475000,0,1
639,104,INAP_OPERASI,4,300000,750000,0,1
640,105,INAP_OPERASI,1,300000,750000,0,1
641,105,INAP_OPERASI,2,200000,650000,0,1
642,105,INAP_OPERASI,3,175000,475000,0,1
643,105,INAP_OPERASI,4,300000,750000,0,1
644,106,INAP_OPERASI,1,300000,750000,0,1
645,106,INAP_OPERASI,2,200000,650000,0,1
646,106,INAP_OPERASI,3,175000,475000,0,1
647,106,INAP_OPERASI,4,300000,750000,0,1
648,107,INAP_OPERASI,1,300000,750000,0,1
649,107,INAP_OPERASI,2,200000,650000,0,1
650,107,INAP_OPERASI,3,175000,475000,0,1
651,107,INAP_OPERASI,4,300000,750000,0,1
652,108,INAP_OPERASI,1,300000,750000,0,1
653,108,INAP_OPERASI,2,200000,650000,0,1
654,108,INAP_OPERASI,3,175000,475000,0,1
655,108,INAP_OPERASI,4,300000,750000,0,1
656,109,INAP_OPERASI,1,500000,1500000,0,1
657,109,INAP_OPERASI,2,400000,1150000,0,1
658,109,INAP_OPERASI,3,300000,1000000,0,1
659,109,INAP_OPERASI,4,500000,1500000,0,1
660,110,INAP_OPERASI,1,500000,1500000,0,1
661,110,INAP_OPERASI,2,400000,1150000,0,1
662,110,INAP_OPERASI,3,300000,1000000,0,1
663,110,INAP_OPERASI,4,500000,1500000,0,1
664,111,INAP_OPERASI,1,500000,1500000,0,1
665,111,INAP_OPERASI,2,400000,1150000,0,1
666,111,INAP_OPERASI,3,300000,1000000,0,1
667,111,INAP_OPERASI,4,500000,1500000,0,1
668,112,INAP_OPERASI,1,500000,1500000,0,1
669,112,INAP_OPERASI,2,400000,1150000,0,1
670,112,INAP_OPERASI,3,300000,1000000,0,1
671,112,INAP_OPERASI,4,500000,1500000,0,1
672,113,INAP_OPERASI,1,500000,1500000,0,1
673,113,INAP_OPERASI,2,400000,1150000,0,1
674,113,INAP_OPERASI,3,300000,1000000,0,1
675,113,INAP_OPERASI,4,500000,1500000,0,1
676,114,INAP_OPERASI,1,500000,1500000,0,1
677,114,INAP_OPERASI,2,400000,1150000,0,1
678,114,INAP_OPERASI,3,300000,1000000,0,1
679,114,INAP_OPERASI,4,500000,1500000,0,1
680,116,INAP_OPERASI,1,300000,750000,0,1
681,116,INAP_OPERASI,2,200000,650000,0,1
682,116,INAP_OPERASI,3,175000,475000,0,1
683,116,INAP_OPERASI,4,300000,750000,0,1
684,117,INAP_OPERASI,1,300000,750000,0,1
685,117,INAP_OPERASI,2,200000,650000,0,1
686,117,INAP_OPERASI,3,175000,475000,0,1
687,117,INAP_OPERASI,4,300000,750000,0,1
688,118,INAP_OPERASI,1,300000,750000,0,1
689,118,INAP_OPERASI,2,200000,650000,0,1
690,118,INAP_OPERASI,3,175000,475000,0,1
691,118,INAP_OPERASI,4,300000,750000,0,1
692,119,INAP_OPERASI,1,300000,750000,0,1
693,119,INAP_OPERASI,2,200000,650000,0,1
694,119,INAP_OPERASI,3,175000,475000,0,1
695,119,INAP_OPERASI,4,300000,750000,0,1
696,120,INAP_OPERASI,1,300000,750000,0,1
697,120,INAP_OPERASI,2,200000,650000,0,1
698,120,INAP_OPERASI,3,175000,475000,0,1
699,120,INAP_OPERASI,4,300000,750000,0,1
700,121,INAP_OPERASI,1,300000,750000,0,1
701,121,INAP_OPERASI,2,200000,650000,0,1
702,121,INAP_OPERASI,3,175000,475000,0,1
703,121,INAP_OPERASI,4,300000,750000,0,1
704,122,INAP_OPERASI,1,300000,750000,0,1
705,122,INAP_OPERASI,2,200000,650000,0,1
706,122,INAP_OPERASI,3,175000,475000,0,1
707,122,INAP_OPERASI,4,300000,750000,0,1
708,123,INAP_OPERASI,1,300000,750000,0,1
709,123,INAP_OPERASI,2,200000,650000,0,1
710,123,INAP_OPERASI,3,175000,475000,0,1
711,123,INAP_OPERASI,4,300000,750000,0,1
712,124,INAP_OPERASI,1,300000,750000,0,1
713,124,INAP_OPERASI,2,200000,650000,0,1
714,124,INAP_OPERASI,3,175000,475000,0,1
715,124,INAP_OPERASI,4,300000,750000,0,1
716,125,INAP_OPERASI,1,300000,750000,0,1
717,125,INAP_OPERASI,2,200000,650000,0,1
718,125,INAP_OPERASI,3,175000,475000,0,1
719,125,INAP_OPERASI,4,300000,750000,0,1
720,126,INAP_OPERASI,1,500000,1500000,0,1
721,126,INAP_OPERASI,2,400000,1150000,0,1
722,126,INAP_OPERASI,3,300000,1000000,0,1
723,126,INAP_OPERASI,4,500000,1500000,0,1
724,127,INAP_OPERASI,1,500000,1500000,0,1
725,127,INAP_OPERASI,2,400000,1150000,0,1
726,127,INAP_OPERASI,3,300000,1000000,0,1
727,127,INAP_OPERASI,4,500000,1500000,0,1
728,128,INAP_OPERASI,1,500000,1500000,0,1
729,128,INAP_OPERASI,2,400000,1150000,0,1
730,128,INAP_OPERASI,3,300000,1000000,0,1
731,128,INAP_OPERASI,4,500000,1500000,0,1
732,129,INAP_OPERASI,1,500000,1500000,0,1
733,129,INAP_OPERASI,2,400000,1150000,0,1
734,129,INAP_OPERASI,3,300000,1000000,0,1
735,129,INAP_OPERASI,4,500000,1500000,0,1
736,130,INAP_OPERASI,1,500000,1500000,0,1
737,130,INAP_OPERASI,2,400000,1150000,0,1
738,130,INAP_OPERASI,3,300000,1000000,0,1
739,130,INAP_OPERASI,4,500000,1500000,0,1
740,131,INAP_OPERASI,1,500000,1500000,0,1
741,131,INAP_OPERASI,2,400000,1150000,0,1
742,131,INAP_OPERASI,3,300000,1000000,0,1
743,131,INAP_OPERASI,4,500000,1500000,0,1
744,132,INAP_OPERASI,1,500000,1500000,0,1
745,132,INAP_OPERASI,2,400000,1150000,0,1
746,132,INAP_OPERASI,3,300000,1000000,0,1
747,132,INAP_OPERASI,4,500000,1500000,0,1
748,133,INAP_OPERASI,1,600000,2000000,0,1
749,133,INAP_OPERASI,2,600000,2000000,0,1
750,133,INAP_OPERASI,3,500000,1750000,0,1
751,133,INAP_OPERASI,4,600000,2000000,0,1
752,134,INAP_OPERASI,1,600000,2000000,0,1
753,134,INAP_OPERASI,2,600000,2000000,0,1
754,134,INAP_OPERASI,3,500000,1750000,0,1
755,134,INAP_OPERASI,4,600000,2000000,0,1
756,135,INAP_OPERASI,1,600000,2000000,0,1
757,135,INAP_OPERASI,2,600000,2000000,0,1
758,135,INAP_OPERASI,3,500000,1750000,0,1
759,135,INAP_OPERASI,4,600000,2000000,0,1
760,136,INAP_OPERASI,1,600000,2000000,0,1
761,136,INAP_OPERASI,2,600000,2000000,0,1
762,136,INAP_OPERASI,3,500000,1750000,0,1
763,136,INAP_OPERASI,4,600000,2000000,0,1
764,138,INAP_OPERASI,1,300000,750000,0,1
765,138,INAP_OPERASI,2,200000,650000,0,1
766,138,INAP_OPERASI,3,175000,475000,0,1
767,138,INAP_OPERASI,4,300000,750000,0,1
768,139,INAP_OPERASI,1,300000,750000,0,1
769,139,INAP_OPERASI,2,200000,650000,0,1
770,139,INAP_OPERASI,3,175000,475000,0,1
771,139,INAP_OPERASI,4,300000,750000,0,1
772,140,INAP_OPERASI,1,300000,750000,0,1
773,140,INAP_OPERASI,2,200000,650000,0,1
774,140,INAP_OPERASI,3,175000,475000,0,1
775,140,INAP_OPERASI,4,300000,750000,0,1
776,141,INAP_OPERASI,1,300000,750000,0,1
777,141,INAP_OPERASI,2,200000,650000,0,1
778,141,INAP_OPERASI,3,175000,475000,0,1
779,141,INAP_OPERASI,4,300000,750000,0,1
780,142,INAP_OPERASI,1,300000,750000,0,1
781,142,INAP_OPERASI,2,200000,650000,0,1
782,142,INAP_OPERASI,3,175000,475000,0,1
783,142,INAP_OPERASI,4,300000,750000,0,1
784,143,INAP_OPERASI,1,300000,750000,0,1
785,143,INAP_OPERASI,2,200000,650000,0,1
786,143,INAP_OPERASI,3,175000,475000,0,1
787,143,INAP_OPERASI,4,300000,750000,0,1
788,144,INAP_OPERASI,1,300000,750000,0,1
789,144,INAP_OPERASI,2,200000,650000,0,1
790,144,INAP_OPERASI,3,175000,475000,0,1
791,144,INAP_OPERASI,4,300000,750000,0,1
792,147,INAP_OPERASI,1,500000,1500000,0,1
793,147,INAP_OPERASI,2,400000,1150000,0,1
794,147,INAP_OPERASI,3,300000,1000000,0,1
795,147,INAP_OPERASI,4,500000,1500000,0,1
796,148,INAP_OPERASI,1,500000,1500000,0,1
797,148,INAP_OPERASI,2,400000,1150000,0,1
798,148,INAP_OPERASI,3,300000,1000000,0,1
799,148,INAP_OPERASI,4,500000,1500000,0,1
800,149,INAP_OPERASI,1,500000,1500000,0,1
801,149,INAP_OPERASI,2,400000,1150000,0,1
802,149,INAP_OPERASI,3,300000,1000000,0,1
803,149,INAP_OPERASI,4,500000,1500000,0,1
804,150,INAP_OPERASI,1,500000,1500000,0,1
805,150,INAP_OPERASI,2,400000,1150000,0,1
806,150,INAP_OPERASI,3,300000,1000000,0,1
807,150,INAP_OPERASI,4,500000,1500000,0,1
808,151,INAP_OPERASI,1,500000,1500000,0,1
809,151,INAP_OPERASI,2,400000,1150000,0,1
810,151,INAP_OPERASI,3,300000,1000000,0,1
811,151,INAP_OPERASI,4,500000,1500000,0,1
812,152,INAP_OPERASI,1,500000,1500000,0,1
813,152,INAP_OPERASI,2,400000,1150000,0,1
814,152,INAP_OPERASI,3,300000,1000000,0,1
815,152,INAP_OPERASI,4,500000,1500000,0,1
816,153,INAP_OPERASI,1,500000,1500000,0,1
817,153,INAP_OPERASI,2,400000,1150000,0,1
818,153,INAP_OPERASI,3,300000,1000000,0,1
819,153,INAP_OPERASI,4,500000,1500000,0,1
820,154,INAP_OPERASI,1,1000000,3000000,0,1
821,154,INAP_OPERASI,2,800000,2750000,0,1
822,154,INAP_OPERASI,3,750000,2500000,0,1
823,154,INAP_OPERASI,4,1000000,3000000,0,1
824,155,INAP_OPERASI,1,1000000,3000000,0,1
825,155,INAP_OPERASI,2,800000,2750000,0,1
826,155,INAP_OPERASI,3,750000,2500000,0,1
827,155,INAP_OPERASI,4,1000000,3000000,0,1
828,156,INAP_OPERASI,1,1000000,3000000,0,1
829,156,INAP_OPERASI,2,800000,2750000,0,1
830,156,INAP_OPERASI,3,750000,2500000,0,1
831,156,INAP_OPERASI,4,1000000,3000000,0,1
832,157,INAP_OPERASI,1,1000000,3000000,0,1
833,157,INAP_OPERASI,2,800000,2750000,0,1
834,157,INAP_OPERASI,3,750000,2500000,0,1
835,157,INAP_OPERASI,4,1000000,3000000,0,1
836,158,INAP_OPERASI,1,1000000,3000000,0,1
837,158,INAP_OPERASI,2,800000,2750000,0,1
838,158,INAP_OPERASI,3,750000,2500000,0,1
839,158,INAP_OPERASI,4,1000000,3000000,0,1
840,159,INAP_OPERASI,1,1000000,3000000,0,1
841,159,INAP_OPERASI,2,800000,2750000,0,1
842,159,INAP_OPERASI,3,750000,2500000,0,1
843,159,INAP_OPERASI,4,1000000,3000000,0,1
844,160,INAP_OPERASI,1,1000000,3000000,0,1
845,160,INAP_OPERASI,2,800000,2750000,0,1
846,160,INAP_OPERASI,3,750000,2500000,0,1
847,160,INAP_OPERASI,4,1000000,3000000,0,1
848,161,INAP_OPERASI,1,1000000,3000000,0,1
849,161,INAP_OPERASI,2,800000,2750000,0,1
850,161,INAP_OPERASI,3,750000,2500000,0,1
851,161,INAP_OPERASI,4,1000000,3000000,0,1
852,162,INAP_OPERASI,1,1000000,3000000,0,1
853,162,INAP_OPERASI,2,800000,2750000,0,1
854,162,INAP_OPERASI,3,750000,2500000,0,1
855,162,INAP_OPERASI,4,1000000,3000000,0,1
856,163,INAP_OPERASI,1,1000000,3000000,0,1
857,163,INAP_OPERASI,2,800000,2750000,0,1
858,163,INAP_OPERASI,3,750000,2500000,0,1
859,163,INAP_OPERASI,4,1000000,3000000,0,1
860,164,INAP_OPERASI,1,1000000,3000000,0,1
861,164,INAP_OPERASI,2,800000,2750000,0,1
862,164,INAP_OPERASI,3,750000,2500000,0,1
863,164,INAP_OPERASI,4,1000000,3000000,0,1
864,10,INAP_RUANG,3,65000,25000,0,1
865,11,INAP_RUANG,1,195000,85000,0,1
866,1,INAP_RUANG,1,195000,85000,0,1
867,7,INAP_RUANG,1,195000,85000,0,1
868,13,INAP_RUANG,2,130000,65000,0,1
869,2,INAP_RUANG,2,130000,65000,0,1
870,6,INAP_RUANG,2,130000,65000,0,1
871,8,INAP_RUANG,4,295000,105000,0,1
872,4,INAP_RUANG,4,295000,105000,0,1
873,12,INAP_RUANG,4,295000,105000,0,1
874,15,INAP_RUANG,3,85000,35000,0,1
875,5,INAP_RUANG,3,85000,35000,0,1
876,3,INAP_RUANG,3,85000,35000,0,1
877,14,INAP_RUANG,3,85000,35000,0,1
878,9,INAP_RUANG,2,130000,65000,0,1
879,91,INAP_PEMERIKSAAN,1,10000,15000,0,1
880,91,INAP_PEMERIKSAAN,2,10000,15000,0,1
881,91,INAP_PEMERIKSAAN,3,10000,15000,0,1
882,91,INAP_PEMERIKSAAN,4,10000,15000,0,1
883,92,INAP_PEMERIKSAAN,1,10000,15000,0,1
884,92,INAP_PEMERIKSAAN,2,10000,15000,0,1
885,92,INAP_PEMERIKSAAN,3,10000,15000,0,1
886,92,INAP_PEMERIKSAAN,4,10000,15000,0,1
887,94,INAP_PEMERIKSAAN,1,75000,150000,0,1
888,94,INAP_PEMERIKSAAN,2,75000,150000,0,1
889,94,INAP_PEMERIKSAAN,3,75000,150000,0,1
890,94,INAP_PEMERIKSAAN,4,75000,150000,0,1
891,95,INAP_PEMERIKSAAN,1,75000,150000,0,1
892,95,INAP_PEMERIKSAAN,2,75000,150000,0,1
893,95,INAP_PEMERIKSAAN,3,75000,150000,0,1
894,95,INAP_PEMERIKSAAN,4,75000,150000,0,1
895,96,INAP_PEMERIKSAAN,1,75000,150000,0,1
896,96,INAP_PEMERIKSAAN,2,75000,150000,0,1
897,96,INAP_PEMERIKSAAN,3,75000,150000,0,1
898,96,INAP_PEMERIKSAAN,4,75000,150000,0,1
899,97,INAP_PEMERIKSAAN,1,75000,150000,0,1
900,97,INAP_PEMERIKSAAN,2,75000,150000,0,1
901,97,INAP_PEMERIKSAAN,3,75000,150000,0,1
902,97,INAP_PEMERIKSAAN,4,75000,150000,0,1
903,98,INAP_PEMERIKSAAN,1,75000,150000,0,1
904,98,INAP_PEMERIKSAAN,2,75000,150000,0,1
905,98,INAP_PEMERIKSAAN,3,75000,150000,0,1
906,98,INAP_PEMERIKSAAN,4,75000,150000,0,1
907,99,INAP_PEMERIKSAAN,1,75000,150000,0,1
908,99,INAP_PEMERIKSAAN,2,75000,150000,0,1
909,99,INAP_PEMERIKSAAN,3,75000,150000,0,1
910,99,INAP_PEMERIKSAAN,4,75000,150000,0,1
911,100,INAP_PEMERIKSAAN,1,75000,150000,0,1
912,100,INAP_PEMERIKSAAN,2,75000,150000,0,1
913,100,INAP_PEMERIKSAAN,3,75000,150000,0,1
914,100,INAP_PEMERIKSAAN,4,75000,150000,0,1
915,101,INAP_PEMERIKSAAN,1,75000,150000,0,1
916,101,INAP_PEMERIKSAAN,2,75000,150000,0,1
917,101,INAP_PEMERIKSAAN,3,75000,150000,0,1
918,101,INAP_PEMERIKSAAN,4,75000,150000,0,1
919,102,INAP_PEMERIKSAAN,1,75000,150000,0,1
920,102,INAP_PEMERIKSAAN,2,75000,150000,0,1
921,102,INAP_PEMERIKSAAN,3,75000,150000,0,1
922,102,INAP_PEMERIKSAAN,4,75000,150000,0,1
923,103,INAP_PEMERIKSAAN,1,75000,150000,0,1
924,103,INAP_PEMERIKSAAN,2,75000,150000,0,1
925,103,INAP_PEMERIKSAAN,3,75000,150000,0,1
926,103,INAP_PEMERIKSAAN,4,75000,150000,0,1
927,104,INAP_PEMERIKSAAN,1,75000,150000,0,1
928,104,INAP_PEMERIKSAAN,2,75000,150000,0,1
929,104,INAP_PEMERIKSAAN,3,75000,150000,0,1
930,104,INAP_PEMERIKSAAN,4,75000,150000,0,1
931,105,INAP_PEMERIKSAAN,1,75000,150000,0,1
932,105,INAP_PEMERIKSAAN,2,75000,150000,0,1
933,105,INAP_PEMERIKSAAN,3,75000,150000,0,1
934,105,INAP_PEMERIKSAAN,4,75000,150000,0,1
935,106,INAP_PEMERIKSAAN,1,75000,150000,0,1
936,106,INAP_PEMERIKSAAN,2,75000,150000,0,1
937,106,INAP_PEMERIKSAAN,3,75000,150000,0,1
938,106,INAP_PEMERIKSAAN,4,75000,150000,0,1
939,107,INAP_PEMERIKSAAN,1,75000,150000,0,1
940,107,INAP_PEMERIKSAAN,2,75000,150000,0,1
941,107,INAP_PEMERIKSAAN,3,75000,150000,0,1
942,107,INAP_PEMERIKSAAN,4,75000,150000,0,1
943,108,INAP_PEMERIKSAAN,1,75000,150000,0,1
944,108,INAP_PEMERIKSAAN,2,75000,150000,0,1
945,108,INAP_PEMERIKSAAN,3,75000,150000,0,1
946,108,INAP_PEMERIKSAAN,4,75000,150000,0,1
947,263,INAP_PEMERIKSAAN,1,0,0,0,1
948,263,INAP_PEMERIKSAAN,2,0,0,0,1
949,263,INAP_PEMERIKSAAN,3,0,0,0,1
950,109,INAP_PEMERIKSAAN,1,75000,150000,0,1
951,109,INAP_PEMERIKSAAN,2,75000,150000,0,1
952,109,INAP_PEMERIKSAAN,3,75000,150000,0,1
953,109,INAP_PEMERIKSAAN,4,75000,150000,0,1
954,110,INAP_PEMERIKSAAN,1,75000,150000,0,1
955,110,INAP_PEMERIKSAAN,2,75000,150000,0,1
956,110,INAP_PEMERIKSAAN,3,75000,150000,0,1
957,110,INAP_PEMERIKSAAN,4,75000,150000,0,1
958,111,INAP_PEMERIKSAAN,1,75000,150000,0,1
959,111,INAP_PEMERIKSAAN,2,75000,150000,0,1
960,111,INAP_PEMERIKSAAN,3,75000,150000,0,1
961,111,INAP_PEMERIKSAAN,4,75000,150000,0,1
962,112,INAP_PEMERIKSAAN,1,100000,200000,0,1
963,112,INAP_PEMERIKSAAN,2,100000,200000,0,1
964,112,INAP_PEMERIKSAAN,3,100000,200000,0,1
965,112,INAP_PEMERIKSAAN,4,100000,200000,0,1
966,113,INAP_PEMERIKSAAN,1,100000,200000,0,1
967,113,INAP_PEMERIKSAAN,2,100000,200000,0,1
968,113,INAP_PEMERIKSAAN,3,100000,200000,0,1
969,113,INAP_PEMERIKSAAN,4,100000,200000,0,1
970,114,INAP_PEMERIKSAAN,1,100000,200000,0,1
971,114,INAP_PEMERIKSAAN,2,100000,200000,0,1
972,114,INAP_PEMERIKSAAN,3,100000,200000,0,1
973,114,INAP_PEMERIKSAAN,4,100000,200000,0,1
974,116,INAP_PEMERIKSAAN,1,75000,150000,0,1
975,116,INAP_PEMERIKSAAN,2,75000,150000,0,1
976,116,INAP_PEMERIKSAAN,3,75000,150000,0,1
977,116,INAP_PEMERIKSAAN,4,75000,150000,0,1
978,118,INAP_PEMERIKSAAN,1,75000,150000,0,1
979,118,INAP_PEMERIKSAAN,2,75000,150000,0,1
980,118,INAP_PEMERIKSAAN,3,75000,150000,0,1
981,118,INAP_PEMERIKSAAN,4,75000,150000,0,1
982,119,INAP_PEMERIKSAAN,1,75000,150000,0,1
983,119,INAP_PEMERIKSAAN,2,75000,150000,0,1
984,119,INAP_PEMERIKSAAN,3,75000,150000,0,1
985,119,INAP_PEMERIKSAAN,4,75000,150000,0,1
986,120,INAP_PEMERIKSAAN,1,75000,150000,0,1
987,120,INAP_PEMERIKSAAN,2,75000,150000,0,1
988,120,INAP_PEMERIKSAAN,3,75000,150000,0,1
989,120,INAP_PEMERIKSAAN,4,75000,150000,0,1
990,121,INAP_PEMERIKSAAN,1,75000,150000,0,1
991,121,INAP_PEMERIKSAAN,2,75000,150000,0,1
992,121,INAP_PEMERIKSAAN,3,75000,150000,0,1
993,121,INAP_PEMERIKSAAN,4,75000,150000,0,1
994,122,INAP_PEMERIKSAAN,1,100000,200000,0,1
995,122,INAP_PEMERIKSAAN,2,100000,200000,0,1
996,122,INAP_PEMERIKSAAN,3,100000,200000,0,1
997,122,INAP_PEMERIKSAAN,4,100000,200000,0,1
998,123,INAP_PEMERIKSAAN,1,100000,200000,0,1
999,123,INAP_PEMERIKSAAN,2,100000,200000,0,1
1000,123,INAP_PEMERIKSAAN,3,100000,200000,0,1
1001,123,INAP_PEMERIKSAAN,4,100000,200000,0,1
1002,124,INAP_PEMERIKSAAN,1,75000,150000,0,1
1003,124,INAP_PEMERIKSAAN,2,75000,150000,0,1
1004,124,INAP_PEMERIKSAAN,3,75000,150000,0,1
1005,124,INAP_PEMERIKSAAN,4,75000,150000,0,1
1006,125,INAP_PEMERIKSAAN,1,75000,150000,0,1
1007,125,INAP_PEMERIKSAAN,2,75000,150000,0,1
1008,125,INAP_PEMERIKSAAN,3,75000,150000,0,1
1009,125,INAP_PEMERIKSAAN,4,75000,150000,0,1
1010,131,INAP_PEMERIKSAAN,1,75000,150000,0,1
1011,131,INAP_PEMERIKSAAN,2,75000,150000,0,1
1012,131,INAP_PEMERIKSAAN,3,75000,150000,0,1
1013,131,INAP_PEMERIKSAAN,4,75000,150000,0,1
1014,132,INAP_PEMERIKSAAN,1,10000,15000,0,1
1015,132,INAP_PEMERIKSAAN,2,10000,15000,0,1
1016,132,INAP_PEMERIKSAAN,3,10000,15000,0,1
1017,132,INAP_PEMERIKSAAN,4,10000,15000,0,1
1018,133,INAP_PEMERIKSAAN,1,75000,150000,0,1
1019,133,INAP_PEMERIKSAAN,2,75000,150000,0,1
1020,133,INAP_PEMERIKSAAN,3,75000,150000,0,1
1021,133,INAP_PEMERIKSAAN,4,75000,150000,0,1
1022,134,INAP_PEMERIKSAAN,1,75000,150000,0,1
1023,134,INAP_PEMERIKSAAN,2,75000,150000,0,1
1024,134,INAP_PEMERIKSAAN,3,75000,150000,0,1
1025,134,INAP_PEMERIKSAAN,4,75000,150000,0,1
1026,135,INAP_PEMERIKSAAN,1,75000,150000,0,1
1027,135,INAP_PEMERIKSAAN,2,75000,150000,0,1
1028,135,INAP_PEMERIKSAAN,3,75000,150000,0,1
1029,135,INAP_PEMERIKSAAN,4,75000,150000,0,1
1030,136,INAP_PEMERIKSAAN,1,75000,150000,0,1
1031,136,INAP_PEMERIKSAAN,2,75000,150000,0,1
1032,136,INAP_PEMERIKSAAN,3,75000,150000,0,1
1033,136,INAP_PEMERIKSAAN,4,75000,150000,0,1
1034,137,INAP_PEMERIKSAAN,1,100000,200000,0,1
1035,137,INAP_PEMERIKSAAN,2,100000,200000,0,1
1036,137,INAP_PEMERIKSAAN,3,100000,200000,0,1
1037,137,INAP_PEMERIKSAAN,4,100000,200000,0,1
1038,138,INAP_PEMERIKSAAN,1,75000,150000,0,1
1039,138,INAP_PEMERIKSAAN,2,75000,150000,0,1
1040,138,INAP_PEMERIKSAAN,3,75000,150000,0,1
1041,138,INAP_PEMERIKSAAN,4,75000,150000,0,1
1042,139,INAP_PEMERIKSAAN,1,75000,150000,0,1
1043,139,INAP_PEMERIKSAAN,2,75000,150000,0,1
1044,139,INAP_PEMERIKSAAN,3,75000,150000,0,1
1045,139,INAP_PEMERIKSAAN,4,75000,150000,0,1
1046,140,INAP_PEMERIKSAAN,1,75000,150000,0,1
1047,140,INAP_PEMERIKSAAN,2,75000,150000,0,1
1048,140,INAP_PEMERIKSAAN,3,75000,150000,0,1
1049,140,INAP_PEMERIKSAAN,4,75000,150000,0,1
1050,144,INAP_PEMERIKSAAN,1,75000,150000,0,1
1051,144,INAP_PEMERIKSAAN,2,75000,150000,0,1
1052,144,INAP_PEMERIKSAAN,3,75000,150000,0,1
1053,144,INAP_PEMERIKSAAN,4,75000,150000,0,1
1054,145,INAP_PEMERIKSAAN,1,75000,150000,0,1
1055,145,INAP_PEMERIKSAAN,2,75000,150000,0,1
1056,145,INAP_PEMERIKSAAN,3,75000,150000,0,1
1057,145,INAP_PEMERIKSAAN,4,75000,150000,0,1
1058,146,INAP_PEMERIKSAAN,1,75000,150000,0,1
1059,146,INAP_PEMERIKSAAN,2,75000,150000,0,1
1060,146,INAP_PEMERIKSAAN,3,75000,150000,0,1
1061,146,INAP_PEMERIKSAAN,4,75000,150000,0,1
1062,147,INAP_PEMERIKSAAN,1,75000,150000,0,1
1063,147,INAP_PEMERIKSAAN,2,75000,150000,0,1
1064,147,INAP_PEMERIKSAAN,3,75000,150000,0,1
1065,147,INAP_PEMERIKSAAN,4,75000,150000,0,1
1066,148,INAP_PEMERIKSAAN,1,75000,150000,0,1
1067,148,INAP_PEMERIKSAAN,2,75000,150000,0,1
1068,148,INAP_PEMERIKSAAN,3,75000,150000,0,1
1069,148,INAP_PEMERIKSAAN,4,75000,150000,0,1
1070,149,INAP_PEMERIKSAAN,1,75000,150000,0,1
1071,149,INAP_PEMERIKSAAN,2,75000,150000,0,1
1072,149,INAP_PEMERIKSAAN,3,75000,150000,0,1
1073,149,INAP_PEMERIKSAAN,4,75000,150000,0,1
1074,151,INAP_PEMERIKSAAN,1,75000,150000,0,1
1075,151,INAP_PEMERIKSAAN,2,75000,150000,0,1
1076,151,INAP_PEMERIKSAAN,3,75000,150000,0,1
1077,151,INAP_PEMERIKSAAN,4,75000,150000,0,1
1078,152,INAP_PEMERIKSAAN,1,75000,150000,0,1
1079,152,INAP_PEMERIKSAAN,2,75000,150000,0,1
1080,152,INAP_PEMERIKSAAN,3,75000,150000,0,1
1081,152,INAP_PEMERIKSAAN,4,75000,150000,0,1
1082,153,INAP_PEMERIKSAAN,1,75000,150000,0,1
1083,153,INAP_PEMERIKSAAN,2,75000,150000,0,1
1084,153,INAP_PEMERIKSAAN,3,75000,150000,0,1
1085,153,INAP_PEMERIKSAAN,4,75000,150000,0,1
1086,154,INAP_PEMERIKSAAN,1,75000,150000,0,1
1087,154,INAP_PEMERIKSAAN,2,75000,150000,0,1
1088,154,INAP_PEMERIKSAAN,3,75000,150000,0,1
1089,154,INAP_PEMERIKSAAN,4,75000,150000,0,1
1090,155,INAP_PEMERIKSAAN,1,75000,150000,0,1
1091,155,INAP_PEMERIKSAAN,2,75000,150000,0,1
1092,155,INAP_PEMERIKSAAN,3,75000,150000,0,1
1093,155,INAP_PEMERIKSAAN,4,75000,150000,0,1
1094,156,INAP_PEMERIKSAAN,1,75000,150000,0,1
1095,156,INAP_PEMERIKSAAN,2,75000,150000,0,1
1096,156,INAP_PEMERIKSAAN,3,75000,150000,0,1
1097,156,INAP_PEMERIKSAAN,4,75000,150000,0,1
1098,157,INAP_PEMERIKSAAN,1,100000,200000,0,1
1099,157,INAP_PEMERIKSAAN,2,100000,200000,0,1
1100,157,INAP_PEMERIKSAAN,3,100000,200000,0,1
1101,157,INAP_PEMERIKSAAN,4,100000,200000,0,1
1102,158,INAP_PEMERIKSAAN,1,75000,150000,0,1
1103,158,INAP_PEMERIKSAAN,2,75000,150000,0,1
1104,158,INAP_PEMERIKSAAN,3,75000,150000,0,1
1105,158,INAP_PEMERIKSAAN,4,75000,150000,0,1
1106,159,INAP_PEMERIKSAAN,1,75000,150000,0,1
1107,159,INAP_PEMERIKSAAN,2,75000,150000,0,1
1108,159,INAP_PEMERIKSAAN,3,75000,150000,0,1
1109,159,INAP_PEMERIKSAAN,4,75000,150000,0,1
1110,160,INAP_PEMERIKSAAN,1,75000,150000,0,1
1111,160,INAP_PEMERIKSAAN,2,75000,150000,0,1
1112,160,INAP_PEMERIKSAAN,3,75000,150000,0,1
1113,160,INAP_PEMERIKSAAN,4,75000,150000,0,1
1114,161,INAP_PEMERIKSAAN,1,75000,150000,0,1
1115,161,INAP_PEMERIKSAAN,2,75000,150000,0,1
1116,161,INAP_PEMERIKSAAN,3,75000,150000,0,1
1117,161,INAP_PEMERIKSAAN,4,75000,150000,0,1
1118,162,INAP_PEMERIKSAAN,1,75000,150000,0,1
1119,162,INAP_PEMERIKSAAN,2,75000,150000,0,1
1120,162,INAP_PEMERIKSAAN,3,75000,150000,0,1
1121,162,INAP_PEMERIKSAAN,4,75000,150000,0,1
1122,163,INAP_PEMERIKSAAN,2,10000,15000,0,1
1123,163,INAP_PEMERIKSAAN,3,10000,15000,0,1
1124,164,INAP_PEMERIKSAAN,1,75000,150000,0,1
1125,164,INAP_PEMERIKSAAN,2,75000,150000,0,1
1126,164,INAP_PEMERIKSAAN,3,75000,150000,0,1
1127,164,INAP_PEMERIKSAAN,4,75000,150000,0,1
1128,165,INAP_PEMERIKSAAN,1,75000,150000,0,1
1129,165,INAP_PEMERIKSAAN,2,75000,150000,0,1
1130,165,INAP_PEMERIKSAAN,3,75000,150000,0,1
1131,165,INAP_PEMERIKSAAN,4,75000,150000,0,1
1132,166,INAP_PEMERIKSAAN,1,75000,150000,0,1
1133,166,INAP_PEMERIKSAAN,2,75000,150000,0,1
1134,166,INAP_PEMERIKSAAN,3,75000,150000,0,1
1135,166,INAP_PEMERIKSAAN,4,75000,150000,0,1
1136,167,INAP_PEMERIKSAAN,1,75000,150000,0,1
1137,167,INAP_PEMERIKSAAN,2,75000,150000,0,1
1138,167,INAP_PEMERIKSAAN,3,75000,150000,0,1
1139,167,INAP_PEMERIKSAAN,4,75000,150000,0,1
1140,168,INAP_PEMERIKSAAN,1,75000,150000,0,1
1141,168,INAP_PEMERIKSAAN,2,75000,150000,0,1
1142,168,INAP_PEMERIKSAAN,3,75000,150000,0,1
1143,168,INAP_PEMERIKSAAN,4,75000,150000,0,1
1144,171,INAP_PEMERIKSAAN,1,75000,150000,0,1
1145,171,INAP_PEMERIKSAAN,2,75000,150000,0,1
1146,171,INAP_PEMERIKSAAN,3,75000,150000,0,1
1147,171,INAP_PEMERIKSAAN,4,75000,150000,0,1
1148,172,INAP_PEMERIKSAAN,1,75000,150000,0,1
1149,172,INAP_PEMERIKSAAN,2,75000,150000,0,1
1150,172,INAP_PEMERIKSAAN,3,75000,150000,0,1
1151,172,INAP_PEMERIKSAAN,4,75000,150000,0,1
1152,211,INAP_PEMERIKSAAN,1,10000,15000,0,1
1153,211,INAP_PEMERIKSAAN,2,10000,15000,0,1
1154,211,INAP_PEMERIKSAAN,3,10000,15000,0,1
1155,211,INAP_PEMERIKSAAN,6,10000,15000,0,1
1156,211,INAP_PEMERIKSAAN,4,10000,15000,0,1
1157,211,INAP_PEMERIKSAAN,5,10000,15000,0,1
1158,395,INAP_PEMERIKSAAN,1,100000,200000,0,1
1159,395,INAP_PEMERIKSAAN,2,100000,200000,0,1
1160,395,INAP_PEMERIKSAAN,3,100000,200000,0,1
1161,395,INAP_PEMERIKSAAN,6,100000,200000,0,1
1162,395,INAP_PEMERIKSAAN,4,100000,200000,0,1
1163,395,INAP_PEMERIKSAAN,5,100000,200000,0,1
1164,276,INAP_PEMERIKSAAN,1,100000,200000,0,1
1165,276,INAP_PEMERIKSAAN,2,100000,200000,0,1
1166,276,INAP_PEMERIKSAAN,3,100000,200000,0,1
1167,276,INAP_PEMERIKSAAN,6,100000,200000,0,1
1168,276,INAP_PEMERIKSAAN,4,100000,200000,0,1
1169,276,INAP_PEMERIKSAAN,5,100000,200000,0,1
1170,255,INAP_PEMERIKSAAN,1,5000,10000,0,1
1171,255,INAP_PEMERIKSAAN,2,5000,10000,0,1
1172,255,INAP_PEMERIKSAAN,3,5000,10000,0,1
1173,255,INAP_PEMERIKSAAN,4,5000,10000,0,1
1174,392,INAP_PEMERIKSAAN,2,10000,15000,0,1
1175,392,INAP_PEMERIKSAAN,3,10000,15000,0,1
1176,392,INAP_PEMERIKSAAN,6,10000,15000,0,1
1177,392,INAP_PEMERIKSAAN,5,10000,15000,0,1
1178,202,INAP_PEMERIKSAAN,2,15000,25000,0,1
1179,202,INAP_PEMERIKSAAN,4,25000,50000,0,1
1180,93,INAP_PEMERIKSAAN,1,75000,150000,0,1
1181,93,INAP_PEMERIKSAAN,2,75000,150000,0,1
1182,93,INAP_PEMERIKSAAN,3,75000,150000,0,1
1183,93,INAP_PEMERIKSAAN,4,75000,150000,0,1
1184,115,INAP_PEMERIKSAAN,1,10000,15000,0,1
1185,115,INAP_PEMERIKSAAN,2,10000,15000,0,1
1186,115,INAP_PEMERIKSAAN,3,10000,15000,0,1
1187,115,INAP_PEMERIKSAAN,4,10000,15000,0,1
1188,117,INAP_PEMERIKSAAN,1,75000,150000,0,1
1189,117,INAP_PEMERIKSAAN,2,75000,150000,0,1
1190,117,INAP_PEMERIKSAAN,3,75000,150000,0,1
1191,117,INAP_PEMERIKSAAN,4,75000,150000,0,1
1192,126,INAP_PEMERIKSAAN,2,5000,10000,0,1
1193,126,INAP_PEMERIKSAAN,3,5000,10000,0,1
1194,127,INAP_PEMERIKSAAN,2,10000,15000,0,1
1195,127,INAP_PEMERIKSAAN,3,10000,15000,0,1
1196,128,INAP_PEMERIKSAAN,2,10000,15000,0,1
1197,128,INAP_PEMERIKSAAN,3,10000,15000,0,1
1198,129,INAP_PEMERIKSAAN,2,5000,10000,0,1
1199,129,INAP_PEMERIKSAAN,3,5000,10000,0,1
1200,130,INAP_PEMERIKSAAN,2,5000,10000,0,1
1201,130,INAP_PEMERIKSAAN,3,5000,10000,0,1
1202,141,INAP_PEMERIKSAAN,2,5000,10000,0,1
1203,141,INAP_PEMERIKSAAN,3,5000,10000,0,1
1204,142,INAP_PEMERIKSAAN,2,10000,15000,0,1
1205,142,INAP_PEMERIKSAAN,3,10000,15000,0,1
1206,143,INAP_PEMERIKSAAN,1,5000,10000,0,1
1207,143,INAP_PEMERIKSAAN,2,5000,10000,0,1
1208,143,INAP_PEMERIKSAAN,3,5000,10000,0,1
1209,143,INAP_PEMERIKSAAN,4,5000,10000,0,1
1210,150,INAP_PEMERIKSAAN,2,10000,15000,0,1
1211,150,INAP_PEMERIKSAAN,3,10000,15000,0,1
1212,169,INAP_PEMERIKSAAN,2,10000,15000,0,1
1213,169,INAP_PEMERIKSAAN,3,10000,15000,0,1
1214,170,INAP_PEMERIKSAAN,2,5000,10000,0,1
1215,170,INAP_PEMERIKSAAN,3,5000,10000,0,1
1216,314,INAP_PEMERIKSAAN,1,5000,10000,0,1
1217,314,INAP_PEMERIKSAAN,2,5000,10000,0,1
1218,314,INAP_PEMERIKSAAN,3,5000,10000,0,1
1219,314,INAP_PEMERIKSAAN,4,5000,10000,0,1
1220,315,INAP_PEMERIKSAAN,1,10000,15000,0,1
1221,315,INAP_PEMERIKSAAN,2,10000,15000,0,1
1222,315,INAP_PEMERIKSAAN,3,10000,15000,0,1
1223,315,INAP_PEMERIKSAAN,4,10000,15000,0,1
1224,126,INAP_PEMERIKSAAN,4,15000,25000,0,1
1225,126,INAP_PEMERIKSAAN,1,10000,15000,0,1
1226,127,INAP_PEMERIKSAAN,1,15000,20000,0,1
1227,127,INAP_PEMERIKSAAN,4,20000,35000,0,1
1228,128,INAP_PEMERIKSAAN,1,20000,30000,0,1
1229,128,INAP_PEMERIKSAAN,4,30000,40000,0,1
1230,129,INAP_PEMERIKSAAN,1,15000,20000,0,1
1231,129,INAP_PEMERIKSAAN,4,25000,35000,0,1
1232,130,INAP_PEMERIKSAAN,1,20000,30000,0,1
1233,130,INAP_PEMERIKSAAN,4,25000,40000,0,1
1234,141,INAP_PEMERIKSAAN,1,15000,25000,0,1
1235,141,INAP_PEMERIKSAAN,4,20000,35000,0,1
1236,142,INAP_PEMERIKSAAN,1,15000,25000,0,1
1237,142,INAP_PEMERIKSAAN,4,20000,35000,0,1
1238,150,INAP_PEMERIKSAAN,1,20000,25000,0,1
1239,150,INAP_PEMERIKSAAN,4,25000,35000,0,1
1240,163,INAP_PEMERIKSAAN,1,15000,25000,0,1
1241,163,INAP_PEMERIKSAAN,4,20000,35000,0,1
1242,169,INAP_PEMERIKSAAN,1,15000,25000,0,1
1243,169,INAP_PEMERIKSAAN,4,20000,35000,0,1
1244,170,INAP_PEMERIKSAAN,1,15000,25000,0,1
1245,170,INAP_PEMERIKSAAN,4,25000,35000,0,1
1246,392,INAP_PEMERIKSAAN,1,15000,25000,0,1
1247,392,INAP_PEMERIKSAAN,4,20000,35000,0,1
1248,393,INAP_PEMERIKSAAN,1,20000,25000,0,1
1249,393,INAP_PEMERIKSAAN,4,25000,35000,0,1
1250,394,INAP_PEMERIKSAAN,1,15000,25000,0,1
1251,394,INAP_PEMERIKSAAN,4,25000,35000,0,1
1252,323,INAP_PEMERIKSAAN,1,15000,25000,0,1
1253,323,INAP_PEMERIKSAAN,4,20000,35000,0,1
1254,324,INAP_PEMERIKSAAN,1,15000,25000,0,1
1255,324,INAP_PEMERIKSAAN,4,20000,30000,0,1
1256,325,INAP_PEMERIKSAAN,1,25000,35000,0,1
1257,325,INAP_PEMERIKSAAN,4,30000,40000,0,1
1258,329,INAP_PEMERIKSAAN,1,15000,25000,0,1
1259,329,INAP_PEMERIKSAAN,4,20000,35000,0,1
1260,235,INAP_PEMERIKSAAN,1,25000,50000,0,1
1261,235,INAP_PEMERIKSAAN,2,25000,50000,0,1
1262,235,INAP_PEMERIKSAAN,3,25000,50000,0,1
1263,235,INAP_PEMERIKSAAN,4,25000,50000,0,1
1264,236,INAP_PEMERIKSAAN,1,150000,450000,0,1
1265,236,INAP_PEMERIKSAAN,2,150000,450000,0,1
1266,236,INAP_PEMERIKSAAN,3,150000,450000,0,1
1267,236,INAP_PEMERIKSAAN,4,150000,450000,0,1
1268,237,INAP_PEMERIKSAAN,1,250000,750000,0,1
1269,237,INAP_PEMERIKSAAN,2,250000,750000,0,1
1270,237,INAP_PEMERIKSAAN,3,250000,750000,0,1
1271,237,INAP_PEMERIKSAAN,4,250000,750000,0,1
1272,238,INAP_PEMERIKSAAN,1,150000,450000,0,1
1273,238,INAP_PEMERIKSAAN,2,150000,450000,0,1
1274,238,INAP_PEMERIKSAAN,3,150000,450000,0,1
1275,238,INAP_PEMERIKSAAN,4,150000,450000,0,1
1276,239,INAP_PEMERIKSAAN,1,150000,450000,0,1
1277,239,INAP_PEMERIKSAAN,2,150000,450000,0,1
1278,239,INAP_PEMERIKSAAN,3,150000,450000,0,1
1279,239,INAP_PEMERIKSAAN,4,150000,450000,0,1
1280,240,INAP_PEMERIKSAAN,1,150000,450000,0,1
1281,240,INAP_PEMERIKSAAN,2,150000,450000,0,1
1282,240,INAP_PEMERIKSAAN,3,150000,450000,0,1
1283,240,INAP_PEMERIKSAAN,4,150000,450000,0,1
1284,241,INAP_PEMERIKSAAN,1,150000,450000,0,1
1285,241,INAP_PEMERIKSAAN,2,150000,450000,0,1
1286,241,INAP_PEMERIKSAAN,3,150000,450000,0,1
1287,241,INAP_PEMERIKSAAN,4,150000,450000,0,1
1288,242,INAP_PEMERIKSAAN,1,150000,450000,0,1
1289,242,INAP_PEMERIKSAAN,2,150000,450000,0,1
1290,242,INAP_PEMERIKSAAN,3,150000,450000,0,1
1291,242,INAP_PEMERIKSAAN,4,150000,450000,0,1
1292,213,INAP_PEMERIKSAAN,1,250000,750000,0,1
1293,243,INAP_PEMERIKSAAN,1,250000,750000,0,1
1294,243,INAP_PEMERIKSAAN,2,250000,750000,0,1
1295,243,INAP_PEMERIKSAAN,3,250000,750000,0,1
1296,243,INAP_PEMERIKSAAN,4,250000,750000,0,1
1297,244,INAP_PEMERIKSAAN,1,25000,75000,0,1
1298,244,INAP_PEMERIKSAAN,2,25000,75000,0,1
1299,244,INAP_PEMERIKSAAN,3,25000,75000,0,1
1300,244,INAP_PEMERIKSAAN,4,25000,75000,0,1
1301,245,INAP_PEMERIKSAAN,1,150000,450000,0,1
1302,245,INAP_PEMERIKSAAN,2,150000,450000,0,1
1303,245,INAP_PEMERIKSAAN,3,150000,450000,0,1
1304,245,INAP_PEMERIKSAAN,4,150000,450000,0,1
1305,246,INAP_PEMERIKSAAN,1,25000,50000,0,1
1306,246,INAP_PEMERIKSAAN,2,25000,50000,0,1
1307,246,INAP_PEMERIKSAAN,3,25000,50000,0,1
1308,246,INAP_PEMERIKSAAN,4,25000,50000,0,1
1309,247,INAP_PEMERIKSAAN,1,10000,25000,0,1
1310,247,INAP_PEMERIKSAAN,2,10000,25000,0,1
1311,247,INAP_PEMERIKSAAN,3,10000,25000,0,1
1312,247,INAP_PEMERIKSAAN,4,10000,25000,0,1
1313,248,INAP_PEMERIKSAAN,1,10000,25000,0,1
1314,248,INAP_PEMERIKSAAN,2,10000,25000,0,1
1315,248,INAP_PEMERIKSAAN,3,10000,25000,0,1
1316,248,INAP_PEMERIKSAAN,4,10000,25000,0,1
1317,249,INAP_PEMERIKSAAN,1,250000,750000,0,1
1318,249,INAP_PEMERIKSAAN,2,250000,750000,0,1
1319,249,INAP_PEMERIKSAAN,3,250000,750000,0,1
1320,249,INAP_PEMERIKSAAN,4,250000,750000,0,1
1321,250,INAP_PEMERIKSAAN,1,10000,25000,0,1
1322,250,INAP_PEMERIKSAAN,2,10000,25000,0,1
1323,250,INAP_PEMERIKSAAN,3,10000,25000,0,1
1324,250,INAP_PEMERIKSAAN,4,10000,25000,0,1
1325,251,INAP_PEMERIKSAAN,1,25000,50000,0,1
1326,251,INAP_PEMERIKSAAN,2,25000,50000,0,1
1327,251,INAP_PEMERIKSAAN,3,25000,50000,0,1
1328,251,INAP_PEMERIKSAAN,4,25000,50000,0,1
1329,252,INAP_PEMERIKSAAN,1,25000,50000,0,1
1330,252,INAP_PEMERIKSAAN,2,25000,50000,0,1
1331,252,INAP_PEMERIKSAAN,3,25000,50000,0,1
1332,252,INAP_PEMERIKSAAN,4,25000,50000,0,1
1333,398,INAP_PEMERIKSAAN,3,5000,10000,0,1
1334,398,INAP_PEMERIKSAAN,2,5000,10000,0,1
1335,398,INAP_PEMERIKSAAN,1,10000,20000,0,1
1336,398,INAP_PEMERIKSAAN,4,10000,20000,0,1
1337,399,INAP_PEMERIKSAAN,3,5000,10000,0,1
1338,399,INAP_PEMERIKSAAN,2,5000,10000,0,1
1339,399,INAP_PEMERIKSAAN,1,5000,10000,0,1
1340,399,INAP_PEMERIKSAAN,4,10000,20000,0,1
1341,400,INAP_PEMERIKSAAN,3,5000,10000,0,1
1342,400,INAP_PEMERIKSAAN,2,5000,10000,0,1
1343,400,INAP_PEMERIKSAAN,1,5000,10000,0,1
1344,400,INAP_PEMERIKSAAN,4,10000,20000,0,1
1345,401,INAP_PEMERIKSAAN,3,5000,10000,0,1
1346,401,INAP_PEMERIKSAAN,2,5000,10000,0,1
1347,401,INAP_PEMERIKSAAN,1,5000,10000,0,1
1348,401,INAP_PEMERIKSAAN,4,10000,20000,0,1
1349,402,INAP_PEMERIKSAAN,3,5000,10000,0,1
1350,402,INAP_PEMERIKSAAN,2,5000,10000,0,1
1351,402,INAP_PEMERIKSAAN,1,5000,10000,0,1
1352,402,INAP_PEMERIKSAAN,4,10000,20000,0,1
1353,403,INAP_PEMERIKSAAN,3,5000,10000,0,1
1354,403,INAP_PEMERIKSAAN,2,5000,10000,0,1
1355,403,INAP_PEMERIKSAAN,1,5000,10000,0,1
1356,403,INAP_PEMERIKSAAN,4,10000,20000,0,1
1357,404,INAP_PEMERIKSAAN,3,5000,10000,0,1
1358,404,INAP_PEMERIKSAAN,2,5000,10000,0,1
1359,404,INAP_PEMERIKSAAN,1,5000,10000,0,1
1360,404,INAP_PEMERIKSAAN,4,10000,20000,0,1
1361,405,INAP_PEMERIKSAAN,3,50000,100000,0,1
1362,405,INAP_PEMERIKSAAN,2,50000,100000,0,1
1363,405,INAP_PEMERIKSAAN,1,50000,100000,0,1
1364,405,INAP_PEMERIKSAAN,4,100000,200000,0,1
1365,406,INAP_PEMERIKSAAN,1,5000,10000,0,1
1366,406,INAP_PEMERIKSAAN,2,5000,10000,0,1
1367,406,INAP_PEMERIKSAAN,3,5000,10000,0,1
1368,406,INAP_PEMERIKSAAN,4,10000,20000,0,1
1369,407,INAP_PEMERIKSAAN,1,5000,10000,0,1
1370,407,INAP_PEMERIKSAAN,2,5000,10000,0,1
1371,407,INAP_PEMERIKSAAN,3,5000,10000,0,1
1372,407,INAP_PEMERIKSAAN,4,5000,10000,0,1
1373,408,INAP_PEMERIKSAAN,1,10000,20000,0,1
1374,408,INAP_PEMERIKSAAN,2,10000,20000,0,1
1375,408,INAP_PEMERIKSAAN,3,10000,20000,0,1
1376,408,INAP_PEMERIKSAAN,4,10000,20000,0,1
1377,409,INAP_PEMERIKSAAN,1,10000,20000,0,1
1378,409,INAP_PEMERIKSAAN,2,10000,20000,0,1
1379,409,INAP_PEMERIKSAAN,3,10000,20000,0,1
1380,409,INAP_PEMERIKSAAN,4,10000,20000,0,1
1381,410,INAP_PEMERIKSAAN,1,5000,20000,0,1
1382,410,INAP_PEMERIKSAAN,2,5000,20000,0,1
1383,410,INAP_PEMERIKSAAN,3,5000,20000,0,1
1384,410,INAP_PEMERIKSAAN,4,10000,30000,0,1
1385,411,INAP_PEMERIKSAAN,1,5000,10000,0,1
1386,411,INAP_PEMERIKSAAN,2,5000,10000,0,1
1387,411,INAP_PEMERIKSAAN,3,5000,10000,0,1
1388,411,INAP_PEMERIKSAAN,4,10000,20000,0,1
1389,412,INAP_PEMERIKSAAN,1,5000,10000,0,1
1390,412,INAP_PEMERIKSAAN,2,5000,10000,0,1
1391,412,INAP_PEMERIKSAAN,3,5000,10000,0,1
1392,412,INAP_PEMERIKSAAN,4,10000,30000,0,1
1393,414,INAP_PEMERIKSAAN,1,5000,10000,0,1
1394,414,INAP_PEMERIKSAAN,2,5000,10000,0,1
1395,414,INAP_PEMERIKSAAN,3,5000,10000,0,1
1396,414,INAP_PEMERIKSAAN,4,10000,20000,0,1
1397,413,INAP_PEMERIKSAAN,1,5000,20000,0,1
1398,413,INAP_PEMERIKSAAN,2,5000,20000,0,1
1399,413,INAP_PEMERIKSAAN,3,5000,20000,0,1
1400,413,INAP_PEMERIKSAAN,4,10000,30000,0,1
1401,415,INAP_PEMERIKSAAN,1,5000,10000,0,1
1402,415,INAP_PEMERIKSAAN,2,10000,20000,0,1
1403,415,INAP_PEMERIKSAAN,3,10000,20000,0,1
1404,415,INAP_PEMERIKSAAN,4,10000,20000,0,1
1405,416,INAP_PEMERIKSAAN,1,5000,10000,0,1
1406,416,INAP_PEMERIKSAAN,2,5000,10000,0,1
1407,416,INAP_PEMERIKSAAN,3,5000,10000,0,1
1408,416,INAP_PEMERIKSAAN,4,10000,20000,0,1
1409,417,INAP_PEMERIKSAAN,1,5000,10000,0,1
1410,417,INAP_PEMERIKSAAN,2,5000,10000,0,1
1411,417,INAP_PEMERIKSAAN,3,5000,10000,0,1
1412,417,INAP_PEMERIKSAAN,4,10000,20000,0,1
1413,418,INAP_PEMERIKSAAN,1,5000,10000,0,1
1414,418,INAP_PEMERIKSAAN,2,5000,10000,0,1
1415,418,INAP_PEMERIKSAAN,3,5000,10000,0,1
1416,418,INAP_PEMERIKSAAN,4,10000,20000,0,1
1417,419,INAP_PEMERIKSAAN,1,50000,100000,0,1
1418,419,INAP_PEMERIKSAAN,2,50000,100000,0,1
1419,419,INAP_PEMERIKSAAN,3,50000,100000,0,1
1420,419,INAP_PEMERIKSAAN,4,100000,200000,0,1
1421,420,INAP_PEMERIKSAAN,1,50000,100000,0,1
1422,420,INAP_PEMERIKSAAN,2,50000,100000,0,1
1423,420,INAP_PEMERIKSAAN,3,50000,100000,0,1
1424,420,INAP_PEMERIKSAAN,4,100000,200000,0,1
1425,178,INAP_PEMERIKSAAN,3,100000,300000,0,1
1426,178,INAP_PEMERIKSAAN,2,125000,375000,0,1
1427,178,INAP_PEMERIKSAAN,1,200000,300000,0,1
1428,178,INAP_PEMERIKSAAN,4,300000,900000,0,1
1429,421,INAP_PEMERIKSAAN,1,250000,750000,0,1
1430,421,INAP_PEMERIKSAAN,2,175000,650000,0,1
1431,421,INAP_PEMERIKSAAN,3,150000,500000,0,1
1432,421,INAP_PEMERIKSAAN,4,375000,1100000,0,1
1433,423,INAP_PEMERIKSAAN,1,10000,20000,0,1
1434,423,INAP_PEMERIKSAAN,2,10000,20000,0,1
1435,423,INAP_PEMERIKSAAN,3,10000,20000,0,1
1436,423,INAP_PEMERIKSAAN,4,20000,70000,0,1
1437,424,INAP_PEMERIKSAAN,1,10000,50000,0,1
1438,424,INAP_PEMERIKSAAN,2,10000,50000,0,1
1439,424,INAP_PEMERIKSAAN,3,10000,50000,0,1
1440,424,INAP_PEMERIKSAAN,4,50000,100000,0,1
1441,425,INAP_PEMERIKSAAN,1,25000,50000,0,1
1442,425,INAP_PEMERIKSAAN,2,25000,50000,0,1
1443,425,INAP_PEMERIKSAAN,3,25000,50000,0,1
1444,425,INAP_PEMERIKSAAN,4,50000,100000,0,1
1445,426,INAP_PEMERIKSAAN,1,100000,200000,0,1
1446,426,INAP_PEMERIKSAAN,2,100000,200000,0,1
1447,426,INAP_PEMERIKSAAN,3,100000,200000,0,1
1448,426,INAP_PEMERIKSAAN,4,150000,250000,0,1
1449,427,INAP_PEMERIKSAAN,1,5000,10000,0,1
1450,427,INAP_PEMERIKSAAN,2,5000,10000,0,1
1451,427,INAP_PEMERIKSAAN,3,5000,10000,0,1
1452,427,INAP_PEMERIKSAAN,4,10000,20000,0,1
1453,428,INAP_PEMERIKSAAN,1,100000,200000,0,1
1454,428,INAP_PEMERIKSAAN,2,100000,200000,0,1
1455,428,INAP_PEMERIKSAAN,3,100000,200000,0,1
1456,428,INAP_PEMERIKSAAN,4,200000,250000,0,1
1457,1,INAP_VISITE,1,0,65000,0,1
1458,1,INAP_VISITE,2,0,50000,0,1
1459,1,INAP_VISITE,3,0,25000,0,1
1460,1,INAP_VISITE,4,0,80000,0,1
1461,1,INAP_VISITE,6,0,0,0,1
1462,1,INAP_VISITE,5,0,0,0,1
1463,49,JALAN_FISIOTERAPI,0,40000,25000,0,1
1464,5,JALAN_LABORATORIUM,0,2000,5000,3000,1
1465,3,JALAN_LABORATORIUM,0,2000,5000,3000,1
1466,4,JALAN_LABORATORIUM,0,2000,5000,3000,1
1467,6,JALAN_LABORATORIUM,0,2000,5000,3000,1
1468,7,JALAN_LABORATORIUM,0,2000,5000,3000,1
1469,8,JALAN_LABORATORIUM,0,2000,5000,3000,1
1470,9,JALAN_LABORATORIUM,0,2000,5000,3000,1
1471,10,JALAN_LABORATORIUM,0,2000,5000,3000,1
1472,21,JALAN_LABORATORIUM,0,10000,8000,10000,1
1473,12,JALAN_LABORATORIUM,0,10000,8000,10000,1
1474,13,JALAN_LABORATORIUM,0,10000,8000,10000,1
1475,15,JALAN_LABORATORIUM,0,10000,8000,10000,1
1476,16,JALAN_LABORATORIUM,0,10000,8000,10000,1
1477,17,JALAN_LABORATORIUM,0,10000,8000,10000,1
1478,20,JALAN_LABORATORIUM,0,10000,8000,10000,1
1479,23,JALAN_LABORATORIUM,0,10000,8000,10000,1
1480,24,JALAN_LABORATORIUM,0,10000,8000,10000,1
1481,25,JALAN_LABORATORIUM,0,10000,8000,10000,1
1482,26,JALAN_LABORATORIUM,0,10000,8000,10000,1
1483,27,JALAN_LABORATORIUM,0,10000,8000,10000,1
1484,36,JALAN_LABORATORIUM,0,10000,8000,10000,1
1485,30,JALAN_LABORATORIUM,0,10000,8000,10000,1
1486,31,JALAN_LABORATORIUM,0,10000,8000,10000,1
1487,32,JALAN_LABORATORIUM,0,10000,8000,10000,1
1488,34,JALAN_LABORATORIUM,0,10000,8000,10000,1
1489,35,JALAN_LABORATORIUM,0,10000,8000,10000,1
1490,28,JALAN_LABORATORIUM,0,10000,8000,10000,1
1491,29,JALAN_LABORATORIUM,0,10000,8000,10000,1
1492,39,JALAN_LABORATORIUM,0,10000,8000,10000,1
1493,40,JALAN_LABORATORIUM,0,10000,8000,10000,1
1494,41,JALAN_LABORATORIUM,0,10000,8000,10000,1
1495,44,JALAN_LABORATORIUM,0,10000,8000,10000,1
1496,45,JALAN_LABORATORIUM,0,10000,8000,10000,1
1497,47,JALAN_LABORATORIUM,0,10000,8000,10000,1
1498,43,JALAN_LABORATORIUM,0,10000,8000,10000,1
1499,22,JALAN_LABORATORIUM,0,10000,8000,10000,1
1500,48,JALAN_LABORATORIUM,0,10000,8000,10000,1
1501,49,JALAN_LABORATORIUM,0,10000,8000,10000,1
1502,50,JALAN_LABORATORIUM,0,10000,8000,10000,1
1503,51,JALAN_LABORATORIUM,0,10000,8000,10000,1
1504,52,JALAN_LABORATORIUM,0,10000,8000,10000,1
1505,55,JALAN_LABORATORIUM,0,5000,8000,5000,1
1506,56,JALAN_LABORATORIUM,0,5000,8000,5000,1
1507,54,JALAN_LABORATORIUM,0,10000,8000,10000,1
1508,57,JALAN_LABORATORIUM,0,10000,8000,10000,1
1509,59,JALAN_LABORATORIUM,0,10000,8000,10000,1
1510,58,JALAN_LABORATORIUM,0,10000,8000,10000,1
1511,60,JALAN_LABORATORIUM,0,10000,8000,10000,1
1512,61,JALAN_LABORATORIUM,0,10000,8000,10000,1
1513,62,JALAN_LABORATORIUM,0,10000,8000,10000,1
1514,63,JALAN_LABORATORIUM,0,10000,8000,10000,1
1515,64,JALAN_LABORATORIUM,0,10000,8000,10000,1
1516,65,JALAN_LABORATORIUM,0,10000,8000,10000,1
1517,66,JALAN_LABORATORIUM,0,10000,8000,10000,1
1518,67,JALAN_LABORATORIUM,0,10000,8000,10000,1
1519,69,JALAN_LABORATORIUM,0,10000,8000,10000,1
1520,68,JALAN_LABORATORIUM,0,10000,8000,10000,1
1521,70,JALAN_LABORATORIUM,0,10000,8000,10000,1
1522,71,JALAN_LABORATORIUM,0,10000,8000,10000,1
1523,72,JALAN_LABORATORIUM,0,10000,8000,10000,1
1524,73,JALAN_LABORATORIUM,0,10000,8000,10000,1
1525,74,JALAN_LABORATORIUM,0,10000,8000,10000,1
1526,75,JALAN_LABORATORIUM,0,10000,8000,10000,1
1527,76,JALAN_LABORATORIUM,0,10000,8000,10000,1
1528,77,JALAN_LABORATORIUM,0,10000,8000,10000,1
1529,78,JALAN_LABORATORIUM,0,10000,8000,10000,1
1530,80,JALAN_LABORATORIUM,0,10000,8000,10000,1
1531,81,JALAN_LABORATORIUM,0,10000,8000,10000,1
1532,82,JALAN_LABORATORIUM,0,10000,8000,10000,1
1533,83,JALAN_LABORATORIUM,0,10000,8000,10000,1
1534,84,JALAN_LABORATORIUM,0,10000,8000,10000,1
1535,85,JALAN_LABORATORIUM,0,10000,8000,10000,1
1536,86,JALAN_LABORATORIUM,0,10000,8000,10000,1
1537,42,JALAN_LABORATORIUM,0,10000,8000,10000,1
1538,33,JALAN_LABORATORIUM,0,10000,8000,10000,1
1539,38,JALAN_LABORATORIUM,0,10000,8000,10000,1
1540,19,JALAN_LABORATORIUM,0,5000,8000,5000,1
1541,2,JALAN_LABORATORIUM,0,2000,5000,3000,1
1542,22,JALAN_RADIOLOGI,0,45000,15000,0,1
1543,23,JALAN_RADIOLOGI,0,35000,15000,0,1
1544,24,JALAN_RADIOLOGI,0,25000,15000,0,1
1545,19,JALAN_RADIOLOGI,0,75000,45000,0,1
1546,49,JALAN_PEMERIKSAAN,0,25000,50000,0,1
1547,50,JALAN_PEMERIKSAAN,0,150000,450000,0,1
1548,51,JALAN_PEMERIKSAAN,0,150000,450000,0,1
1549,52,JALAN_PEMERIKSAAN,0,25000,50000,0,1
1550,53,JALAN_PEMERIKSAAN,0,25000,50000,0,1
1551,54,JALAN_PEMERIKSAAN,0,25000,50000,0,1
1552,55,JALAN_PEMERIKSAAN,0,25000,50000,0,1
1553,56,JALAN_PEMERIKSAAN,0,25000,50000,0,1
1554,57,JALAN_PEMERIKSAAN,0,25000,50000,0,1
1555,58,JALAN_PEMERIKSAAN,0,25000,50000,0,1
1556,60,JALAN_PEMERIKSAAN,0,150000,450000,0,1
1557,61,JALAN_PEMERIKSAAN,0,25000,50000,0,1
1558,63,JALAN_PEMERIKSAAN,0,25000,50000,0,1
1559,64,JALAN_PEMERIKSAAN,0,150000,450000,0,1
1560,65,JALAN_PEMERIKSAAN,0,150000,450000,0,1
1561,66,JALAN_PEMERIKSAAN,0,250000,750000,0,1
1562,67,JALAN_PEMERIKSAAN,0,250000,750000,0,1
1563,68,JALAN_PEMERIKSAAN,0,25000,50000,0,1
1564,42,JALAN_PEMERIKSAAN,0,10000,25000,0,1
1565,43,JALAN_PEMERIKSAAN,0,25000,50000,0,1
1566,44,JALAN_PEMERIKSAAN,0,25000,50000,0,1
1567,45,JALAN_PEMERIKSAAN,0,150000,450000,0,1
1568,46,JALAN_PEMERIKSAAN,0,150000,450000,0,1
1569,47,JALAN_PEMERIKSAAN,0,250000,750000,0,1
1570,48,JALAN_PEMERIKSAAN,0,150000,450000,0,1
1571,173,JALAN_PEMERIKSAAN,0,25000,50000,0,1
1572,174,JALAN_PEMERIKSAAN,0,25000,50000,0,1
1573,175,JALAN_PEMERIKSAAN,0,25000,50000,0,1
1574,176,JALAN_PEMERIKSAAN,0,150000,450000,0,1
1575,338,JALAN_PEMERIKSAAN,0,25000,50000,0,1
1576,337,JALAN_PEMERIKSAAN,0,10000,25000,0,1
1577,371,JALAN_PEMERIKSAAN,0,25000,50000,0,1
1578,372,JALAN_PEMERIKSAAN,0,25000,50000,0,1
1579,373,JALAN_PEMERIKSAAN,0,10000,25000,0,1
1580,342,JALAN_PEMERIKSAAN,0,25000,50000,0,1
1581,343,JALAN_PEMERIKSAAN,0,25000,50000,0,1
1582,344,JALAN_PEMERIKSAAN,0,25000,50000,0,1
1583,346,JALAN_PEMERIKSAAN,0,25000,50000,0,1
1584,347,JALAN_PEMERIKSAAN,0,25000,50000,0,1
1585,352,JALAN_PEMERIKSAAN,0,10000,25000,0,1
1586,351,JALAN_PEMERIKSAAN,0,10000,25000,0,1
1587,353,JALAN_PEMERIKSAAN,0,10000,25000,0,1
1588,354,JALAN_PEMERIKSAAN,0,10000,25000,0,1
1589,355,JALAN_PEMERIKSAAN,0,10000,25000,0,1
1590,356,JALAN_PEMERIKSAAN,0,10000,25000,0,1
1591,357,JALAN_PEMERIKSAAN,0,10000,25000,0,1
1592,358,JALAN_PEMERIKSAAN,0,0,0,0,1
1593,359,JALAN_PEMERIKSAAN,0,25000,50000,0,1
1594,360,JALAN_PEMERIKSAAN,0,25000,50000,0,1
1595,361,JALAN_PEMERIKSAAN,0,25000,50000,0,1
1596,362,JALAN_PEMERIKSAAN,0,25000,50000,0,1
1597,363,JALAN_PEMERIKSAAN,0,25000,50000,0,1
1598,364,JALAN_PEMERIKSAAN,0,25000,50000,0,1
1599,365,JALAN_PEMERIKSAAN,0,25000,50000,0,1
1600,366,JALAN_PEMERIKSAAN,0,25000,50000,0,1
1601,367,JALAN_PEMERIKSAAN,0,25000,50000,0,1
1602,368,JALAN_PEMERIKSAAN,0,25000,50000,0,1
1603,369,JALAN_PEMERIKSAAN,0,25000,50000,0,1
1604,339,JALAN_PEMERIKSAAN,0,150000,450000,0,1
1605,340,JALAN_PEMERIKSAAN,0,25000,50000,0,1
1606,341,JALAN_PEMERIKSAAN,0,25000,50000,0,1
1607,377,JALAN_PEMERIKSAAN,0,25000,50000,0,1
1608,378,JALAN_PEMERIKSAAN,0,25000,50000,0,1
1609,379,JALAN_PEMERIKSAAN,0,25000,50000,0,1
1610,380,JALAN_PEMERIKSAAN,0,25000,50000,0,1
1611,381,JALAN_PEMERIKSAAN,0,25000,50000,0,1
1612,382,JALAN_PEMERIKSAAN,0,25000,50000,0,1
1613,383,JALAN_PEMERIKSAAN,0,25000,50000,0,1
1614,384,JALAN_PEMERIKSAAN,0,25000,50000,0,1
1615,385,JALAN_PEMERIKSAAN,0,25000,50000,0,1
1616,386,JALAN_PEMERIKSAAN,0,25000,50000,0,1
1617,387,JALAN_PEMERIKSAAN,0,150000,450000,0,1
1618,388,JALAN_PEMERIKSAAN,0,150000,450000,0,1
1619,389,JALAN_PEMERIKSAAN,0,150000,450000,0,1
1620,390,JALAN_PEMERIKSAAN,0,150000,450000,0,1
1621,391,JALAN_PEMERIKSAAN,0,150000,450000,0,1
1622,94,JALAN_PEMERIKSAAN,0,25000,50000,0,1
1623,91,JALAN_PEMERIKSAAN,0,10000,25000,0,1
1624,92,JALAN_PEMERIKSAAN,0,10000,25000,0,1
1625,93,JALAN_PEMERIKSAAN,0,10000,25000,0,1
1626,95,JALAN_PEMERIKSAAN,0,25000,50000,0,1
1627,96,JALAN_PEMERIKSAAN,0,25000,50000,0,1
1628,97,JALAN_PEMERIKSAAN,0,25000,50000,0,1
1629,100,JALAN_PEMERIKSAAN,0,25000,50000,0,1
1630,98,JALAN_PEMERIKSAAN,0,25000,50000,0,1
1631,99,JALAN_PEMERIKSAAN,0,25000,50000,0,1
1632,101,JALAN_PEMERIKSAAN,0,25000,50000,0,1
1633,102,JALAN_PEMERIKSAAN,0,25000,50000,0,1
1634,103,JALAN_PEMERIKSAAN,0,25000,50000,0,1
1635,104,JALAN_PEMERIKSAAN,0,25000,50000,0,1
1636,105,JALAN_PEMERIKSAAN,0,25000,50000,0,1
1637,106,JALAN_PEMERIKSAAN,0,25000,50000,0,1
1638,107,JALAN_PEMERIKSAAN,0,25000,50000,0,1
1639,108,JALAN_PEMERIKSAAN,0,25000,50000,0,1
1640,109,JALAN_PEMERIKSAAN,0,25000,50000,0,1
1641,110,JALAN_PEMERIKSAAN,0,25000,50000,0,1
1642,111,JALAN_PEMERIKSAAN,0,25000,50000,0,1
1643,112,JALAN_PEMERIKSAAN,0,150000,450000,0,1
1644,113,JALAN_PEMERIKSAAN,0,150000,450000,0,1
1645,114,JALAN_PEMERIKSAAN,0,150000,450000,0,1
1646,115,JALAN_PEMERIKSAAN,0,150000,450000,0,1
1647,116,JALAN_PEMERIKSAAN,0,25000,50000,0,1
1648,117,JALAN_PEMERIKSAAN,0,150000,450000,0,1
1649,118,JALAN_PEMERIKSAAN,0,25000,50000,0,1
1650,119,JALAN_PEMERIKSAAN,0,25000,50000,0,1
1651,120,JALAN_PEMERIKSAAN,0,25000,50000,0,1
1652,121,JALAN_PEMERIKSAAN,0,25000,50000,0,1
1653,122,JALAN_PEMERIKSAAN,0,150000,450000,0,1
1654,123,JALAN_PEMERIKSAAN,0,150000,450000,0,1
1655,124,JALAN_PEMERIKSAAN,0,25000,50000,0,1
1656,125,JALAN_PEMERIKSAAN,0,25000,50000,0,1
1657,126,JALAN_PEMERIKSAAN,0,25000,50000,0,1
1658,127,JALAN_PEMERIKSAAN,0,25000,50000,0,1
1659,128,JALAN_PEMERIKSAAN,0,150000,450000,0,1
1660,129,JALAN_PEMERIKSAAN,0,10000,25000,0,1
1661,130,JALAN_PEMERIKSAAN,0,10000,25000,0,1
1662,131,JALAN_PEMERIKSAAN,0,25000,50000,0,1
1663,132,JALAN_PEMERIKSAAN,0,10000,25000,0,1
1664,133,JALAN_PEMERIKSAAN,0,25000,50000,0,1
1665,134,JALAN_PEMERIKSAAN,0,25000,50000,0,1
1666,135,JALAN_PEMERIKSAAN,0,25000,50000,0,1
1667,136,JALAN_PEMERIKSAAN,0,25000,50000,0,1
1668,137,JALAN_PEMERIKSAAN,0,150000,450000,0,1
1669,138,JALAN_PEMERIKSAAN,0,25000,50000,0,1
1670,139,JALAN_PEMERIKSAAN,0,25000,50000,0,1
1671,140,JALAN_PEMERIKSAAN,0,25000,50000,0,1
1672,141,JALAN_PEMERIKSAAN,0,25000,50000,0,1
1673,142,JALAN_PEMERIKSAAN,0,25000,50000,0,1
1674,143,JALAN_PEMERIKSAAN,0,25000,50000,0,1
1675,144,JALAN_PEMERIKSAAN,0,25000,50000,0,1
1676,145,JALAN_PEMERIKSAAN,0,25000,50000,0,1
1677,146,JALAN_PEMERIKSAAN,0,25000,50000,0,1
1678,147,JALAN_PEMERIKSAAN,0,25000,50000,0,1
1679,148,JALAN_PEMERIKSAAN,0,25000,50000,0,1
1680,149,JALAN_PEMERIKSAAN,0,25000,50000,0,1
1681,150,JALAN_PEMERIKSAAN,0,25000,50000,0,1
1682,151,JALAN_PEMERIKSAAN,0,25000,50000,0,1
1683,152,JALAN_PEMERIKSAAN,0,25000,50000,0,1
1684,153,JALAN_PEMERIKSAAN,0,25000,50000,0,1
1685,154,JALAN_PEMERIKSAAN,0,25000,50000,0,1
1686,155,JALAN_PEMERIKSAAN,0,25000,50000,0,1
1687,156,JALAN_PEMERIKSAAN,0,10000,25000,0,1
1688,158,JALAN_PEMERIKSAAN,0,25000,50000,0,1
1689,157,JALAN_PEMERIKSAAN,0,150000,450000,0,1
1690,159,JALAN_PEMERIKSAAN,0,25000,50000,0,1
1691,160,JALAN_PEMERIKSAAN,0,25000,50000,0,1
1692,161,JALAN_PEMERIKSAAN,0,25000,50000,0,1
1693,162,JALAN_PEMERIKSAAN,0,25000,50000,0,1
1694,163,JALAN_PEMERIKSAAN,0,10000,25000,0,1
1695,164,JALAN_PEMERIKSAAN,0,25000,50000,0,1
1696,165,JALAN_PEMERIKSAAN,0,25000,50000,0,1
1697,166,JALAN_PEMERIKSAAN,0,25000,50000,0,1
1698,167,JALAN_PEMERIKSAAN,0,25000,50000,0,1
1699,168,JALAN_PEMERIKSAAN,0,25000,50000,0,1
1700,169,JALAN_PEMERIKSAAN,0,25000,50000,0,1
1701,170,JALAN_PEMERIKSAAN,0,10000,25000,0,1
1702,171,JALAN_PEMERIKSAAN,0,25000,50000,0,1
1703,172,JALAN_PEMERIKSAAN,0,25000,50000,0,1
1704,314,JALAN_PEMERIKSAAN,0,25000,50000,0,1
1705,315,JALAN_PEMERIKSAAN,0,25000,50000,0,1
1706,316,JALAN_PEMERIKSAAN,0,150000,450000,0,1
1707,317,JALAN_PEMERIKSAAN,0,25000,50000,0,1
1708,318,JALAN_PEMERIKSAAN,0,10000,25000,0,1
1709,319,JALAN_PEMERIKSAAN,0,10000,25000,0,1
1710,320,JALAN_PEMERIKSAAN,0,10000,25000,0,1
1711,321,JALAN_PEMERIKSAAN,0,25000,50000,0,1
1712,322,JALAN_PEMERIKSAAN,0,10000,25000,0,1
1713,323,JALAN_PEMERIKSAAN,0,25000,50000,0,1
1714,324,JALAN_PEMERIKSAAN,0,25000,50000,0,1
1715,325,JALAN_PEMERIKSAAN,0,150000,450000,0,1
1716,326,JALAN_PEMERIKSAAN,0,25000,50000,0,1
1717,327,JALAN_PEMERIKSAAN,0,25000,50000,0,1
1718,328,JALAN_PEMERIKSAAN,0,25000,50000,0,1
1719,329,JALAN_PEMERIKSAAN,0,25000,50000,0,1
1720,254,JALAN_PEMERIKSAAN,0,10000,25000,0,1
1721,255,JALAN_PEMERIKSAAN,0,10000,25000,0,1
1722,256,JALAN_PEMERIKSAAN,0,10000,25000,0,1
1723,257,JALAN_PEMERIKSAAN,0,25000,50000,0,1
1724,258,JALAN_PEMERIKSAAN,0,25000,50000,0,1
1725,259,JALAN_PEMERIKSAAN,0,25000,50000,0,1
1726,260,JALAN_PEMERIKSAAN,0,25000,50000,0,1
1727,261,JALAN_PEMERIKSAAN,0,25000,50000,0,1
1728,262,JALAN_PEMERIKSAAN,0,25000,50000,0,1
1729,263,JALAN_PEMERIKSAAN,0,25000,50000,0,1
1730,264,JALAN_PEMERIKSAAN,0,25000,50000,0,1
1731,265,JALAN_PEMERIKSAAN,0,10000,25000,0,1
1732,266,JALAN_PEMERIKSAAN,0,25000,50000,0,1
1733,267,JALAN_PEMERIKSAAN,0,10000,25000,0,1
1734,268,JALAN_PEMERIKSAAN,0,10000,25000,0,1
1735,269,JALAN_PEMERIKSAAN,0,150000,450000,0,1
1736,270,JALAN_PEMERIKSAAN,0,25000,50000,0,1
1737,271,JALAN_PEMERIKSAAN,0,10000,25000,0,1
1738,272,JALAN_PEMERIKSAAN,0,25000,50000,0,1
1739,273,JALAN_PEMERIKSAAN,0,10000,25000,0,1
1740,274,JALAN_PEMERIKSAAN,0,25000,50000,0,1
1741,275,JALAN_PEMERIKSAAN,0,25000,50000,0,1
1742,276,JALAN_PEMERIKSAAN,0,25000,50000,0,1
1743,277,JALAN_PEMERIKSAAN,0,10000,25000,0,1
1744,278,JALAN_PEMERIKSAAN,0,25000,50000,0,1
1745,279,JALAN_PEMERIKSAAN,0,10000,25000,0,1
1746,280,JALAN_PEMERIKSAAN,0,150000,450000,0,1
1747,281,JALAN_PEMERIKSAAN,0,10000,25000,0,1
1748,282,JALAN_PEMERIKSAAN,0,25000,50000,0,1
1749,283,JALAN_PEMERIKSAAN,0,10000,25000,0,1
1750,284,JALAN_PEMERIKSAAN,0,150000,450000,0,1
1751,285,JALAN_PEMERIKSAAN,0,10000,25000,0,1
1752,286,JALAN_PEMERIKSAAN,0,150000,450000,0,1
1753,287,JALAN_PEMERIKSAAN,0,25000,50000,0,1
1754,288,JALAN_PEMERIKSAAN,0,25000,50000,0,1
1755,289,JALAN_PEMERIKSAAN,0,25000,50000,0,1
1756,290,JALAN_PEMERIKSAAN,0,25000,50000,0,1
1757,291,JALAN_PEMERIKSAAN,0,25000,50000,0,1
1758,292,JALAN_PEMERIKSAAN,0,25000,50000,0,1
1759,293,JALAN_PEMERIKSAAN,0,25000,50000,0,1
1760,294,JALAN_PEMERIKSAAN,0,150000,450000,0,1
1761,295,JALAN_PEMERIKSAAN,0,25000,50000,0,1
1762,296,JALAN_PEMERIKSAAN,0,25000,50000,0,1
1763,297,JALAN_PEMERIKSAAN,0,25000,50000,0,1
1764,298,JALAN_PEMERIKSAAN,0,10000,25000,0,1
1765,299,JALAN_PEMERIKSAAN,0,150000,450000,0,1
1766,300,JALAN_PEMERIKSAAN,0,150000,450000,0,1
1767,301,JALAN_PEMERIKSAAN,0,25000,50000,0,1
1768,302,JALAN_PEMERIKSAAN,0,25000,50000,0,1
1769,303,JALAN_PEMERIKSAAN,0,25000,50000,0,1
1770,304,JALAN_PEMERIKSAAN,0,25000,50000,0,1
1771,305,JALAN_PEMERIKSAAN,0,25000,50000,0,1
1772,306,JALAN_PEMERIKSAAN,0,10000,25000,0,1
1773,307,JALAN_PEMERIKSAAN,0,25000,50000,0,1
1774,308,JALAN_PEMERIKSAAN,0,25000,50000,0,1
1775,309,JALAN_PEMERIKSAAN,0,10000,25000,0,1
1776,178,JALAN_PEMERIKSAAN,0,25000,50000,0,1
1777,179,JALAN_PEMERIKSAAN,0,150000,450000,0,1
1778,180,JALAN_PEMERIKSAAN,0,150000,450000,0,1
1779,182,JALAN_PEMERIKSAAN,0,150000,450000,0,1
1780,183,JALAN_PEMERIKSAAN,0,10000,25000,0,1
1781,184,JALAN_PEMERIKSAAN,0,10000,25000,0,1
1782,185,JALAN_PEMERIKSAAN,0,10000,25000,0,1
1783,186,JALAN_PEMERIKSAAN,0,10000,25000,0,1
1784,187,JALAN_PEMERIKSAAN,0,10000,25000,0,1
1785,188,JALAN_PEMERIKSAAN,0,25000,50000,0,1
1786,189,JALAN_PEMERIKSAAN,0,10000,25000,0,1
1787,190,JALAN_PEMERIKSAAN,0,25000,50000,0,1
1788,191,JALAN_PEMERIKSAAN,0,25000,50000,0,1
1789,192,JALAN_PEMERIKSAAN,0,25000,50000,0,1
1790,193,JALAN_PEMERIKSAAN,0,10000,25000,0,1
1791,194,JALAN_PEMERIKSAAN,0,25000,50000,0,1
1792,195,JALAN_PEMERIKSAAN,0,25000,50000,0,1
1793,196,JALAN_PEMERIKSAAN,0,150000,450000,0,1
1794,197,JALAN_PEMERIKSAAN,0,150000,450000,0,1
1795,198,JALAN_PEMERIKSAAN,0,150000,450000,0,1
1796,199,JALAN_PEMERIKSAAN,0,25000,50000,0,1
1797,200,JALAN_PEMERIKSAAN,0,10000,25000,0,1
1798,370,JALAN_PEMERIKSAAN,0,25000,50000,0,1
1799,345,JALAN_PEMERIKSAAN,0,25000,50000,0,1
1800,348,JALAN_PEMERIKSAAN,0,10000,25000,0,1
1801,181,JALAN_PEMERIKSAAN,0,25000,50000,0,1
1802,202,JALAN_PEMERIKSAAN,0,25000,50000,0,1
1803,203,JALAN_PEMERIKSAAN,0,25000,50000,0,1
1804,204,JALAN_PEMERIKSAAN,0,25000,50000,0,1
1805,205,JALAN_PEMERIKSAAN,0,150000,450000,0,1
1806,206,JALAN_PEMERIKSAAN,0,25000,50000,0,1
1807,207,JALAN_PEMERIKSAAN,0,150000,450000,0,1
1808,208,JALAN_PEMERIKSAAN,0,25000,50000,0,1
1809,209,JALAN_PEMERIKSAAN,0,150000,450000,0,1
1810,210,JALAN_PEMERIKSAAN,0,150000,450000,0,1
1811,211,JALAN_PEMERIKSAAN,0,25000,50000,0,1
1812,212,JALAN_PEMERIKSAAN,0,150000,450000,0,1
1813,213,JALAN_PEMERIKSAAN,0,150000,450000,0,1
1814,225,JALAN_PEMERIKSAAN,0,150000,450000,0,1
1815,229,JALAN_PEMERIKSAAN,0,25000,50000,0,1
1816,232,JALAN_PEMERIKSAAN,0,150000,450000,0,1
1817,72,JALAN_PEMERIKSAAN,0,5000,5000,0,1
1818,71,JALAN_PEMERIKSAAN,0,25000,25000,10000,1
1819,38,JALAN_PEMERIKSAAN,0,1000,5000,200,1
1820,40,JALAN_PEMERIKSAAN,0,25000,50000,0,1
1821,41,JALAN_PEMERIKSAAN,0,150000,250000,0,1
1822,59,JALAN_PEMERIKSAAN,0,10000,25000,0,1
1823,62,JALAN_PEMERIKSAAN,0,250000,750000,0,1
1824,1,REGISTRASI_BARU,0,0,0,0,1
1825,2,REGISTRASI_UMUM_TANPARUJUKAN,0,7500,10000,0,1
1826,3,REGISTRASI_UMUM_DENGANRUJUKAN,0,7500,10000,0,1
1827,4,REGISTRASI_BPJS,0,0,0,0,1
1828,5,REGISTRASI_DISPENSASI,0,0,0,0,1
1829,6,REGISTRASI_IGD,0,25000,20000,0,1
1830,7,REGISTRASI_INAP,0,0,0,0,1